drop table IF EXISTS uplatakorisnikprofesorrazred;

create table uplatakorisnikprofesorrazred (
sifra int not null primary key auto_increment,
korisnikprofesorrazred int,
uplata int,
proknjizeno boolean
)engine=innodb;

drop table IF EXISTS uplata;

create table uplata (
sifra int not null primary key auto_increment,
slika text,
ocekivanacijena decimal(7,2),
vrijeme date
)engine=innodb;

drop table IF EXISTS korisnikprofesorrazred;

create table korisnikprofesorrazred (
sifra int not null primary key auto_increment,
ucenikroditelj int,
profesorrazred int
)engine=innodb;

drop table IF EXISTS profesorrazred;

create table profesorrazred (
sifra int not null primary key auto_increment,
razred int,
skolarazred int,
profesor int
)engine=innodb;

drop table IF EXISTS skolarazred;

create table skolarazred (
sifra int not null primary key auto_increment,
skola int,
razred int,
odjeljenje int
)engine=innodb;

drop table IF EXISTS ucenikroditelj;

create table ucenikroditelj (
sifra int not null primary key auto_increment,
ucenik int,
roditelj int
)engine=innodb;

drop table IF EXISTS korisnik;

create table korisnik (
sifra int not null primary key auto_increment,
ime varchar(250),
prezime varchar(250),
lozinka varchar(250),
email varchar(250),
skola int,
status int,
device varchar(500) default "Unknown"
)engine=innodb;

drop table IF EXISTS razred;

create table razred (
sifra int not null primary key auto_increment,
razred int
)engine=innodb;

drop table IF EXISTS odjeljenje;

create table odjeljenje (
sifra int not null primary key auto_increment,
odjeljenje varchar(5)
)engine=innodb;

drop table IF EXISTS status;

create table status (
sifra int not null primary key auto_increment,
status varchar(250)
)engine=innodb;

drop table IF EXISTS cijena;

create table cijena (
sifra int not null primary key auto_increment,
iznos decimal(7,2),
skola int
)engine=innodb;

drop table IF EXISTS skola; 

CREATE TABLE `skola` (
  `sifra` int(11) NOT NULL primary key auto_increment,
  `naziv` varchar(250) DEFAULT NULL,
  `grad` int(11) DEFAULT NULL
) ENGINE=InnoDB DEFAULT CHARSET=utf8;

drop table IF EXISTS grad; 

CREATE TABLE `grad` (
  `sifra` int(11) NOT NULL primary key auto_increment,
  `naziv` varchar(250) DEFAULT NULL,
  `zupanija` int(11) DEFAULT NULL
) ENGINE=InnoDB DEFAULT CHARSET=utf8;

drop table IF EXISTS zupanija; 

CREATE TABLE `zupanija` (
  `sifra` int(11) NOT NULL primary key auto_increment,
  `naziv` varchar(250) DEFAULT NULL
) ENGINE=InnoDB DEFAULT CHARSET=utf8;




ALTER TABLE `grad`
  ADD CONSTRAINT `grad_ibfk_1` FOREIGN KEY (`zupanija`) REFERENCES `zupanija` (`sifra`);

ALTER TABLE `skola`
  ADD CONSTRAINT `skola_ibfk_1` FOREIGN KEY (`grad`) REFERENCES `grad` (`sifra`);

alter table cijena add foreign key(skola) references skola(sifra);
alter table korisnik add foreign key(status) references status(sifra);
alter table korisnik add foreign key(skola) references skola(sifra);
alter table profesorrazred add foreign key(skolarazred) references skolarazred(sifra);
alter table profesorrazred add foreign key(profesor) references korisnik(sifra);
alter table skolarazred add foreign key(skola) references skola(sifra);
alter table skolarazred add foreign key(razred) references razred(sifra);
alter table skolarazred add foreign key(odjeljenje) references odjeljenje(sifra);
alter table korisnikprofesorrazred add foreign key(ucenikroditelj) references ucenikroditelj(sifra);
alter table korisnikprofesorrazred add foreign key(profesorrazred) references profesorrazred(sifra);
alter table uplatakorisnikprofesorrazred add foreign key(uplata) references uplata(sifra);
alter table uplatakorisnikprofesorrazred add foreign key(korisnikprofesorrazred) references korisnikprofesorrazred(sifra);
alter table ucenikroditelj add foreign key(ucenik) references korisnik(sifra);
alter table ucenikroditelj add foreign key(roditelj) references korisnik(sifra);


INSERT INTO `zupanija` (`sifra`, `naziv`) VALUES
(1, 'Bjelovarsko-bilogorska'),
(2, 'Brodsko-posavska'),
(3, 'Dubrovačko-neretvanska'),
(4, 'Grad Zagreb'),
(5, 'Istarska'),
(6, 'Karlovačka'),
(7, 'Koprivničko-križevačka'),
(8, 'Krapinsko-zagorska'),
(9, 'Ličko-senjska'),
(10, 'Međimurska'),
(11, 'Osječko-baranjska'),
(12, 'Požeško-slavonska'),
(13, 'Primorsko-goranska'),
(14, 'Sisačko-moslavačka'),
(15, 'Splitsko-dalmatinska'),
(16, 'Šibensko-kninska'),
(17, 'Varaždinska'),
(18, 'Virovitičko-podravska'),
(19, 'Vukovarsko-srijemska'),
(20, 'Zadarska'),
(21, 'Zagrebačka');


INSERT INTO `grad` (`sifra`, `naziv`, `zupanija`) VALUES
(1, 'Berek', 1),
(2, 'Bjelovar', 1),
(3, 'Čazma', 1),
(4, 'Daruvar', 1),
(5, 'Dežanovac', 1),
(6, 'Garešnica', 1),
(7, 'Grubišno Polje', 1),
(8, 'Hercegovac', 1),
(9, 'Ivanska', 1),
(10, 'Kapela', 1),
(11, 'Končanica', 1),
(12, 'Nova Rača', 1),
(13, 'Rovišće', 1),
(14, 'Sirač', 1),
(15, 'Štefanje', 1),
(16, 'Trnovitički Popovac', 1),
(17, 'Velika Pisanica', 1),
(18, 'Velika Trnovitica', 1),
(19, 'Veliki Grđevac', 1),
(20, 'Veliko Trojstvo', 1),
(21, 'Đulovac', 1),
(22, 'Bebrina', 2),
(23, 'Cernik', 2),
(24, 'Davor', 2),
(25, 'Donji Andrijevci', 2),
(26, 'Dragalić', 2),
(27, 'Garčin', 2),
(28, 'Gundinci', 2),
(29, 'Lužani', 2),
(30, 'Nova Gradiška', 2),
(31, 'Nova Kapela', 2),
(32, 'Okučani', 2),
(33, 'Oprisavci', 2),
(34, 'Oriovac', 2),
(35, 'Rešetari', 2),
(36, 'Sibinj', 2),
(37, 'Sikirevci', 2),
(38, 'Slavonski Brod', 2),
(39, 'Slavonski Šamac', 2),
(40, 'Staro Petrovo Selo', 2),
(41, 'Velika Kopanica', 2),
(42, 'Vrbova', 2),
(43, 'Vrpolje', 2),
(44, 'Zapolje', 2),
(45, 'Babino Polje', 3),
(46, 'Blato', 3),
(47, 'Cavtat', 3),
(48, 'Dubrovnik', 3),
(49, 'Gruda', 3),
(50, 'Janjina', 3),
(51, 'Komin (Dalma)', 3),
(52, 'Korčula', 3),
(53, 'Kula Norinska', 3),
(54, 'Kuna', 3),
(55, 'Lastovo', 3),
(56, 'Metković', 3),
(57, 'Mlini', 3),
(58, 'Mokošica', 3),
(59, 'Opuzen', 3),
(60, 'Orašac', 3),
(61, 'Orebić', 3),
(62, 'Otrić Seoci', 3),
(63, 'Ploče', 3),
(64, 'Slano', 3),
(65, 'Smokvica', 3),
(66, 'Staševica', 3),
(67, 'Ston', 3),
(68, 'Topolo', 3),
(69, 'Trpanj', 3),
(70, 'Vela Luka', 3),
(71, 'Žrnovo', 3),
(72, 'Brezovica', 4),
(73, 'Kašina', 4),
(74, 'Lučko', 4),
(75, 'Sesvete', 4),
(76, 'Sesvete-Kraljevec', 4),
(77, 'Zagreb', 4),
(78, 'Zagreb-Dubrava', 4),
(79, 'Zagreb-Novi Zagreb', 4),
(80, 'Zagreb-Sloboština', 4),
(81, 'Zagreb-Susedgrad', 4),
(82, 'Barban', 5),
(83, 'Buje (Buie)', 5),
(84, 'Buzet', 5),
(85, 'Fažana', 5),
(86, 'Kanfanar', 5),
(87, 'Krnica', 5),
(88, 'Kršan', 5),
(89, 'Labin', 5),
(90, 'Marčana', 5),
(91, 'Medulin', 5),
(92, 'Nedešćina', 5),
(93, 'Novigrad (Cittanova)', 5),
(94, 'Oprtalj (Portole)', 5),
(95, 'Pazin', 5),
(96, 'Podpićan', 5),
(97, 'Poreč', 5),
(98, 'Pula', 5),
(99, 'Raša', 5),
(100, 'Rovinj (Rovigno)', 5),
(101, 'Sveti Lovreč', 5),
(102, 'Svetvinčenat', 5),
(103, 'Tar', 5),
(104, 'Umag (Umago)', 5),
(105, 'Višnjan', 5),
(106, 'Vodnjan (Dignano)', 5),
(107, 'Vrsar', 5),
(108, 'Žminj', 5),
(109, 'Barilović', 6),
(110, 'Cetingrad', 6),
(111, 'Draganići', 6),
(112, 'Duga Resa', 6),
(113, 'Generalski Stol', 6),
(114, 'Josipdol', 6),
(115, 'Karlovac', 6),
(116, 'Krnjak', 6),
(117, 'Lasinja', 6),
(118, 'Mahično', 6),
(119, 'Netretić', 6),
(120, 'Ogulin', 6),
(121, 'Ozalj', 6),
(122, 'Plaški', 6),
(123, 'Rakovica', 6),
(124, 'Rečica', 6),
(125, 'Skakavac', 6),
(126, 'Slunj', 6),
(127, 'Vojnić', 6),
(128, 'Žakanje', 6),
(129, 'Ferdinandovac', 7),
(130, 'Gola', 7),
(131, 'Gornja Rijeka', 7),
(132, 'Kalinovac', 7),
(133, 'Kalnik', 7),
(134, 'Kloštar Podravski', 7),
(135, 'Koprivnica', 7),
(136, 'Koprivnički Bregi', 7),
(137, 'Križevci', 7),
(138, 'Legrad', 7),
(139, 'Molve', 7),
(140, 'Novigrad Podravski', 7),
(141, 'Orehovec', 7),
(142, 'Rasinja', 7),
(143, 'Sokolovac', 7),
(144, 'Sveti Ivan Žabno', 7),
(145, 'Virje', 7),
(146, 'Đelekovec', 7),
(147, 'Đurđevac', 7),
(148, 'Bedekovčina', 8),
(149, 'Belec', 8),
(150, 'Brestovec Orehovički', 8),
(151, 'Budinšćina', 8),
(152, 'Desinić', 8),
(153, 'Donja Stubica', 8),
(154, 'Gornja Stubica', 8),
(155, 'Gornje Jesenje', 8),
(156, 'Hum na Sutli', 8),
(157, 'Klanjec', 8),
(158, 'Konjščina', 8),
(159, 'Kraljevec na Sutli', 8),
(160, 'Krapina', 8),
(161, 'Krapinske Toplice', 8),
(162, 'Kumrovec', 8),
(163, 'Lobor', 8),
(164, 'Mače', 8),
(165, 'Marija Bistrica', 8),
(166, 'Mihovljan', 8),
(167, 'Oroslavje', 8),
(168, 'Petrovsko', 8),
(169, 'Pregrada', 8),
(170, 'Radoboj', 8),
(171, 'Stubičke Toplice', 8),
(172, 'Sveti Križ Začretje', 8),
(173, 'Tuhelj', 8),
(174, 'Veliko Trgovišće', 8),
(175, 'Zabok', 8),
(176, 'Zlatar', 8),
(177, 'Zlatar Bistrica', 8),
(178, 'Đurmanec', 8),
(179, 'Brinje', 9),
(180, 'Donji Lapac', 9),
(181, 'Gospić', 9),
(182, 'Karlobag', 9),
(183, 'Klanac', 9),
(184, 'Korenica', 9),
(185, 'Kosinj', 9),
(186, 'Lički Osik', 9),
(187, 'Lovinac', 9),
(188, 'Novalja', 9),
(189, 'Otočac', 9),
(190, 'Perušić', 9),
(191, 'Plitvička Jezera', 9),
(192, 'Senj', 9),
(193, 'Udbina', 9),
(194, 'Belica', 10),
(195, 'Čakovec', 10),
(196, 'Dekanovec', 10),
(197, 'Donja Dubrava', 10),
(198, 'Donji Kraljevec', 10),
(199, 'Draškovec', 10),
(200, 'Goričan', 10),
(201, 'Kotoriba', 10),
(202, 'Lopatinec', 10),
(203, 'Macinec', 10),
(204, 'Mala Subotica', 10),
(205, 'Mursko Središče', 10),
(206, 'Nedelišće', 10),
(207, 'Orehovica', 10),
(208, 'Podturen', 10),
(209, 'Prelog', 10),
(210, 'Selnica', 10),
(211, 'Štrigova', 10),
(212, 'Sveta Marija', 10),
(213, 'Sveti Martin na Muri', 10),
(214, 'Vratišinec', 10),
(215, 'Antunovac', 11),
(216, 'Beli Manastir', 11),
(217, 'Belišće', 11),
(218, 'Bijelo Brdo', 11),
(219, 'Bilje', 11),
(220, 'Bizovac', 11),
(221, 'Čeminac', 11),
(222, 'Čepin', 11),
(223, 'Dalj', 11),
(224, 'Darda', 11),
(225, 'Donji Miholjac', 11),
(226, 'Draž', 11),
(227, 'Drenje', 11),
(228, 'Ernestinovo', 11),
(229, 'Feričanci', 11),
(230, 'Gorjani', 11),
(231, 'Jagodnjak', 11),
(232, 'Josipovac', 11),
(233, 'Kneževi Vinogradi', 11),
(234, 'Koška', 11),
(235, 'Laslovo', 11),
(236, 'Levanjska Varoš', 11),
(237, 'Lug', 11),
(238, 'Magadenovac', 11),
(239, 'Našice', 11),
(240, 'Osijek', 11),
(241, 'Petrijevci', 11),
(242, 'Piškorevci', 11),
(243, 'Podgajci Podravski', 11),
(244, 'Podgorač', 11),
(245, 'Popovac', 11),
(246, 'Punitovci', 11),
(247, 'Satnica Đakovačka', 11),
(248, 'Selci Đakovački', 11),
(249, 'Semeljci', 11),
(250, 'Strizivojna', 11),
(251, 'Tenja', 11),
(252, 'Trnava', 11),
(253, 'Valpovo', 11),
(254, 'Viljevo', 11),
(255, 'Viškovci', 11),
(256, 'Višnjevac', 11),
(257, 'Vladislavci', 11),
(258, 'Vuka', 11),
(259, 'Zmajevac', 11),
(260, 'Đakovo', 11),
(261, 'Đurđenovac', 11),
(262, 'Brestovac', 12),
(263, 'Čaglin', 12),
(264, 'Jakšić', 12),
(265, 'Kaptol', 12),
(266, 'Kutjevo', 12),
(267, 'Lipik', 12),
(268, 'Pakrac', 12),
(269, 'Pleternica', 12),
(270, 'Poljana', 12),
(271, 'Požega', 12),
(272, 'Velika', 12),
(273, 'Bakar', 13),
(274, 'Bribir', 13),
(275, 'Brod Moravice', 13),
(276, 'Brod na Kupi', 13),
(277, 'Čabar', 13),
(278, 'Čavle', 13),
(279, 'Cres', 13),
(280, 'Crikvenica', 13),
(281, 'Delnice', 13),
(282, 'Dražice', 13),
(283, 'Fužine', 13),
(284, 'Hreljin', 13),
(285, 'Jurdani', 13),
(286, 'Kastav', 13),
(287, 'Klana', 13),
(288, 'Kostrena', 13),
(289, 'Kraljevica', 13),
(290, 'Krk', 13),
(291, 'Lokve', 13),
(292, 'Lovran', 13),
(293, 'Mali Lošinj', 13),
(294, 'Matulji', 13),
(295, 'Moravice', 13),
(296, 'Mrkopalj', 13),
(297, 'Novi Vinodolski', 13),
(298, 'Opatija', 13),
(299, 'Rab', 13),
(300, 'Ravna Gora', 13),
(301, 'Rijeka', 13),
(302, 'Skrad', 13),
(303, 'Tribalj', 13),
(304, 'Viškovo', 13),
(305, 'Vrbovsko', 13),
(306, 'Banova Jaruga', 14),
(307, 'Blinjski Kut', 14),
(308, 'Donji Kukuruzari', 14),
(309, 'Dvor', 14),
(310, 'Glina', 14),
(311, 'Gvozd', 14),
(312, 'Hrvatska Dubica', 14),
(313, 'Hrvatska Kostajnica', 14),
(314, 'Jabukovac', 14),
(315, 'Jasenovac', 14),
(316, 'Kutina', 14),
(317, 'Lekenik', 14),
(318, 'Lipovljani', 14),
(319, 'Martinska Ves', 14),
(320, 'Novska', 14),
(321, 'Petrinja', 14),
(322, 'Popovača', 14),
(323, 'Rajić', 14),
(324, 'Sela', 14),
(325, 'Sisak', 14),
(326, 'Sisak-Caprag', 14),
(327, 'Sunja', 14),
(328, 'Topolovac', 14),
(329, 'Topusko', 14),
(330, 'Velika Ludina', 14),
(331, 'Aržano', 15),
(332, 'Baška Voda', 15),
(333, 'Bol', 15),
(334, 'Brela', 15),
(335, 'Cista Velika', 15),
(336, 'Dicmo', 15),
(337, 'Donji Dolac', 15),
(338, 'Donji Muć', 15),
(339, 'Donji Proložac', 15),
(340, 'Dugi Rat', 15),
(341, 'Dugopolje', 15),
(342, 'Gata', 15),
(343, 'Gradac', 15),
(344, 'Grohote', 15),
(345, 'Hrvace', 15),
(346, 'Hvar', 15),
(347, 'Imotski', 15),
(348, 'Jelsa', 15),
(349, 'Kaštel Gomilica', 15),
(350, 'Kaštel Lukšić', 15),
(351, 'Kaštel Stari', 15),
(352, 'Kaštel Sućurac', 15),
(353, 'Klis', 15),
(354, 'Komiža', 15),
(355, 'Krivodol', 15),
(356, 'Lovreć', 15),
(357, 'Makarska', 15),
(358, 'Marina', 15),
(359, 'Milna', 15),
(360, 'Neorić', 15),
(361, 'Obrovac Sinjski', 15),
(362, 'Omiš', 15),
(363, 'Otok (Dalmacija)', 15),
(364, 'Podgora', 15),
(365, 'Podstrana', 15),
(366, 'Postira', 15),
(367, 'Primorski Dolac', 15),
(368, 'Pučišća', 15),
(369, 'Runović', 15),
(370, 'Seget Donji', 15),
(371, 'Selca', 15),
(372, 'Šestanovac', 15),
(373, 'Sinj', 15),
(374, 'Slatine', 15),
(375, 'Solin', 15),
(376, 'Split', 15),
(377, 'Srinjine', 15),
(378, 'Stari Grad', 15),
(379, 'Stobreč', 15),
(380, 'Studenci', 15),
(381, 'Sućuraj', 15),
(382, 'Supetar', 15),
(383, 'Tijarica', 15),
(384, 'Trilj', 15),
(385, 'Trogir', 15),
(386, 'Tučepi', 15),
(387, 'Vis', 15),
(388, 'Vrgorac', 15),
(389, 'Vrlika', 15),
(390, 'Zagvozd', 15),
(391, 'Zmijavci', 15),
(392, 'Žrnovnica', 15),
(393, 'Čista Velika', 16),
(394, 'Drniš', 16),
(395, 'Kistanje', 16),
(396, 'Knin', 16),
(397, 'Murter', 16),
(398, 'Pirovac', 16),
(399, 'Primošten', 16),
(400, 'Rogoznica', 16),
(401, 'Šibenik', 16),
(402, 'Šibenik-Brodarica', 16),
(403, 'Skradin', 16),
(404, 'Tisno', 16),
(405, 'Unešić', 16),
(406, 'Vodice', 16),
(407, 'Bednja', 17),
(408, 'Bisag', 17),
(409, 'Breznički Hum', 17),
(410, 'Cestica', 17),
(411, 'Donja Višnjica', 17),
(412, 'Donja Voća', 17),
(413, 'Donji Martijanec', 17),
(414, 'Ivanec', 17),
(415, 'Jalžabet', 17),
(416, 'Klenovnik', 17),
(417, 'Lepoglava', 17),
(418, 'Ljubeščica', 17),
(419, 'Ludbreg', 17),
(420, 'Mali Bukovec', 17),
(421, 'Maruševec', 17),
(422, 'Novi Marof', 17),
(423, 'Petrijanec', 17),
(424, 'Radovan', 17),
(425, 'Sračinec', 17),
(426, 'Sveti Ilija', 17),
(427, 'Sveti Đurđ', 17),
(428, 'Trnovec Bartolovečki', 17),
(429, 'Turčin', 17),
(430, 'Varaždin', 17),
(431, 'Varaždinske Toplice', 17),
(432, 'Vidovec', 17),
(433, 'Vinica', 17),
(434, 'Visoko', 17),
(435, 'Čačinci', 18),
(436, 'Čađavica', 18),
(437, 'Gornje Bazje', 18),
(438, 'Gradina', 18),
(439, 'Mikleuš', 18),
(440, 'Nova Bukovica', 18),
(441, 'Orahovica', 18),
(442, 'Pitomača', 18),
(443, 'Slatina', 18),
(444, 'Špišić Bukovica', 18),
(445, 'Suhopolje', 18),
(446, 'Virovitica', 18),
(447, 'Voćin', 18),
(448, 'Zdenci', 18),
(449, 'Babina Greda', 19),
(450, 'Bobota', 19),
(451, 'Borovo', 19),
(452, 'Bošnjaci', 19),
(453, 'Bršadin', 19),
(454, 'Čakovci', 19),
(455, 'Cerna', 19),
(456, 'Drenovci', 19),
(457, 'Gradište', 19),
(458, 'Gunja', 19),
(459, 'Ilača', 19),
(460, 'Ilok', 19),
(461, 'Ivankovo', 19),
(462, 'Jarmina', 19),
(463, 'Komletinci', 19),
(464, 'Lipovac', 19),
(465, 'Lovas', 19),
(466, 'Markušica', 19),
(467, 'Negoslavci', 19),
(468, 'Nijemci', 19),
(469, 'Nuštar', 19),
(470, 'Otok', 19),
(471, 'Posavski Podgajci', 19),
(472, 'Privlaka', 19),
(473, 'Račinovci', 19),
(474, 'Retkovci', 19),
(475, 'Rokovci Andrijaševci', 19),
(476, 'Šarengrad', 19),
(477, 'Slakovci', 19),
(478, 'Soljani', 19),
(479, 'Stari Jankovci', 19),
(480, 'Stari Mikanovci', 19),
(481, 'Štitar', 19),
(482, 'Tordinci', 19),
(483, 'Tovarnik', 19),
(484, 'Trpinja', 19),
(485, 'Vinkovci', 19),
(486, 'Vođinci', 19),
(487, 'Vrbanja', 19),
(488, 'Vukovar', 19),
(489, 'Županja', 19),
(490, 'Benkovac', 20),
(491, 'Bibinje', 20),
(492, 'Biograd na moru', 20),
(493, 'Gračac', 20),
(494, 'Jasenice', 20),
(495, 'Neviđane', 20),
(496, 'Nin', 20),
(497, 'Novigrad (Dalmacija)', 20),
(498, 'Obrovac', 20),
(499, 'Pag', 20),
(500, 'Pakoštane', 20),
(501, 'Polača', 20),
(502, 'Poličnik', 20),
(503, 'Posedarje', 20),
(504, 'Preko', 20),
(505, 'Pridraga', 20),
(506, 'Privlaka (Dalmacija)', 20),
(507, 'Ražanac', 20),
(508, 'Sali', 20),
(509, 'Škabrnja', 20),
(510, 'Stankovci', 20),
(511, 'Starigrad Paklenica', 20),
(512, 'Sukošan', 20),
(513, 'Sveti Filip i Jakov', 20),
(514, 'Zadar', 20),
(515, 'Zemunik', 20),
(516, 'Bedenica', 21),
(517, 'Bregana', 21),
(518, 'Donja Bistra', 21),
(519, 'Donja Pušća', 21),
(520, 'Donja Zelina', 21),
(521, 'Dubrava', 21),
(522, 'Dugo Selo', 21),
(523, 'Graberje Ivaničko', 21),
(524, 'Gradec', 21),
(525, 'Ivanić-Grad', 21),
(526, 'Jakovlje', 21),
(527, 'Jastrebarsko', 21),
(528, 'Kloštar Ivanić', 21),
(529, 'Krašić', 21),
(530, 'Kravarsko', 21),
(531, 'Križ', 21),
(532, 'Kupljenovo', 21),
(533, 'Luka', 21),
(534, 'Marija Gorica', 21),
(535, 'Pisarovina', 21),
(536, 'Pokupsko', 21),
(537, 'Posavski Bregi', 21),
(538, 'Prigorje Brdovečko', 21),
(539, 'Rakov Potok', 21),
(540, 'Samobor', 21),
(541, 'Šenkovec', 21),
(542, 'Sveta Nedjelja', 21),
(543, 'Sveti Ivan Zelina', 21),
(544, 'Sveti Martin pod Okićem', 21),
(545, 'Velika Gorica', 21),
(546, 'Velika Mlaka', 21),
(547, 'Vrbovec', 21),
(548, 'Vukovina', 21),
(549, 'Zaprešić', 21);


INSERT INTO `skola` (`sifra`, `naziv`, `grad`) VALUES
(1, 'Osnovna škola Berek', 1),
(2, 'Ekonomska i birotehnička škola', 2),
(3, 'Gimnazija Bjelovar', 2),
(4, 'Glazbena škola Vatroslava Lisinskog Bjelovar', 2),
(5, 'I. osnovna škola Bjelovar', 2),
(6, 'II. osnovna škola Bjelovar', 2),
(7, 'III. Osnovna škola Bjelovar', 2),
(8, 'IV. osnovna škola Bjelovar', 2),
(9, 'Komercijalna i trgovačka škola Bjelovar', 2),
(10, 'Medicinska škola Bjelovar', 2),
(11, 'Obrtnička škola Bjelovar', 2),
(12, 'Tehnička škola Bjelovar', 2),
(13, 'Turističko-ugostiteljska i prehrambena škola Bjelovar', 2),
(14, 'V. osnovna škola Bjelovar', 2),
(15, 'Osnovna škola Čazma', 3),
(16, 'Srednja škola Čazma', 3),
(17, 'Centar Rudolf Steiner Daruvar', 4),
(18, 'Češka osnovna škola J. A. Komenskog Daruvar', 4),
(19, 'Ekonomska i turistička škola Daruvar', 4),
(20, 'Gimnazija Daruvar', 4),
(21, 'Glazbena škola Brune Bjelinskog Daruvar', 4),
(22, 'Osnovna škola Vladimira Nazora Daruvar', 4),
(23, 'Tehnička škola Daruvar', 4),
(24, 'Osnovna škola Dežanovac', 5),
(25, 'Osnovna škola Garešnica', 6),
(26, 'Srednja škola "August Šenoa" Garešnica', 6),
(27, 'Osnovna škola Ivana Nepomuka Jemeršića Grubišno Polje', 7),
(28, 'Srednja škola Bartola Kašića Grubišno Polje', 7),
(29, 'Osnovna škola Slavka Kolara Hercegovac', 8),
(30, 'Osnovna škola Ivanska', 9),
(31, 'Osnovna škola Mirka Pereša Kapela', 10),
(32, 'Češka osnovna škola Josipa Ružičke Končanica', 11),
(33, 'Osnovna škola Nova Rača', 12),
(34, 'Osnovna škola Rovišće', 13),
(35, 'Osnovna škola Sirač', 14),
(36, 'Osnovna škola Štefanje', 15),
(37, 'Osnovna škola Trnovitički Popovac', 16),
(38, 'Osnovna škola Velika Pisanica', 17),
(39, 'Osnovna škola Trnovitica', 18),
(40, 'Osnovna škola Mate Lovraka Veliki Grđevac', 19),
(41, 'Osnovna škola Veliko Trojstvo', 20),
(42, 'Osnovna škola u Đulovcu', 21),
(43, 'Osnovna škola "Antun Matija Reljković" Bebrina', 22),
(44, 'Osnovna škola "Matija Gubec" Cernik', 23),
(45, 'Osnovna škola "Matija Antun Relković" Davor', 24),
(46, 'Osnovna škola "Viktor Car Emin" Donji Andrijevci', 25),
(47, 'Osnovna škola Dragalić', 26),
(48, 'Osnovna škola "Vjekoslav Klaić" Garčin', 27),
(49, 'Osnovna škola Augusta Šenoe Gundinci', 28),
(50, 'Osnovna škola "Ljudevit Gaj" Lužani', 29),
(51, 'Elektrotehnička i ekonomska škola Nova Gradiška', 30),
(52, 'Gimnazija Nova Gradiška', 30),
(53, 'Industrijsko-obrtnička škola Nova Gradiška', 30),
(54, 'Osnovna škola "Mato Lovrak" Nova Gradiška', 30),
(55, 'Osnovna škola Ljudevita Gaja Nova Gradiška', 30),
(56, 'Osnovna škola "Antun Mihanović" Nova Kapela', 31),
(57, 'Osnovna škola Okučani', 32),
(58, 'Osnovna škola "Stjepan Radić" Oprisavci', 33),
(59, 'Osnovna škola "Dr. Stjepan Ilijašević" Oriovac', 34),
(60, 'Osnovna škola Ante Starčevića Rešetari', 35),
(61, 'Osnovna škola "Ivan Mažuranić" Sibinj', 36),
(62, 'Osnovna škola Sikirevci', 37),
(63, 'Ekonomsko-birotehnička škola Slavonski Brod', 38),
(64, 'Gimnazija Matija Mesić', 38),
(65, 'Glazbena škola Slavonski Brod', 38),
(66, 'Industrijsko-obrtnička škola Slavonski Brod', 38),
(67, 'Klasična gimnazija fra Marijana Lanosovića s pravom javnosti', 38),
(68, 'Obrtnička škola Slavonski Brod', 38),
(69, 'Osnovna škola "Antun Mihanović" Slavonski Brod', 38),
(70, 'Osnovna škola "Blaž Tadijanović" Slavonski Brod', 38),
(71, 'Osnovna škola "Bogoslav Šulek" Slavonski Brod', 38),
(72, 'Osnovna škola "Dragutin Tadijanović" Slavonski Brod', 38),
(73, 'Osnovna škola "Ivan Goran Kovačić" Slavonski Brod', 38),
(74, 'Osnovna škola "Ivana Brlić - Mažuranić" Slavonski Brod', 38),
(75, 'Osnovna škola "Milan Amruš" Slavonski Brod', 38),
(76, 'Osnovna škola "Vladimir Nazor" Slavonski Brod', 38),
(77, 'Osnovna škola "Đuro Pilar" Slavonski Brod', 38),
(78, 'Osnovna škola Hugo Badalić Slavonski Brod', 38),
(79, 'Srednja medicinska škola Slavonski Brod', 38),
(80, 'Srednja škola Matije Antuna Reljkovića Slavonski Brod', 38),
(81, 'Tehnička škola Slavonski Brod', 38),
(82, 'Osnovna škola "Josip Kozarac" Slavonski Šamac', 39),
(83, 'Osnovna škola Ivana Gorana Kovačića Staro Petrovo Selo', 40),
(84, 'Osnovna škola "Ivan Filipović" Velika Kopanica', 41),
(85, 'Osnovna škola Markovac Vrbova', 42),
(86, 'Osnovna škola "Ivan Meštrović" Vrpolje', 43),
(87, 'Osnovna škola "Vladimir Nazor" Adžamovci', 44),
(88, 'Osnovna škola "Mljet" Babino Polje', 45),
(89, 'Osnovna škola Blato', 46),
(90, 'Srednja škola Blato', 46),
(91, 'Osnovna škola Cavtat', 47),
(92, 'Biskupijska klasična gimnazija Ruđera Boškovića s pravom javnosti', 48),
(93, 'Dubrovačka privatna gimnazija', 48),
(94, 'Ekonomska i trgovačka škola Dubrovnik', 48),
(95, 'Gimnazija Dubrovnik', 48),
(96, 'Medicinska škola Dubrovnik', 48),
(97, 'Obrtnička i tehnička škola Dubrovnik', 48),
(98, 'Osnovna škola Ivana Gundulića Dubrovnik', 48),
(99, 'Osnovna škola Lapad', 48),
(100, 'Osnovna škola Marina Držića Dubrovnik', 48),
(101, 'Osnovna škola Marina Getaldića Dubrovnik', 48),
(102, 'Pomorsko-tehnička škola Dubrovnik', 48),
(103, 'Turistička i ugostiteljska škola Dubrovnik', 48),
(104, 'Umjetnička škola Luke Sorkočevića Dubrovnik', 48),
(105, 'Osnovna škola Gruda', 49),
(106, 'Osnovna škola "Janjina" Janjina', 50),
(107, 'Osnovna škola "Ivo Dugandžić-Mišić" Komin', 51),
(108, 'Osnovna škola Petra Kanavelića Korčula', 52),
(109, 'Srednja škola Petra Šegedina Korčula', 52),
(110, 'Osnovna škola Kula Norinska', 53),
(111, 'Osnovna škola "Kuna"', 54),
(112, 'Osnovna škola "Braća Glumac" Lastovo', 55),
(113, 'Gimnazija Metković', 56),
(114, 'Osnovna glazbena škola Metković', 56),
(115, 'Osnovna škola don Mihovila Pavlinovića Metković', 56),
(116, 'Osnovna škola Stjepana Radića Metković', 56),
(117, 'Srednja škola Metković', 56),
(118, 'Osnovna škola "Župa Dubrovačka" Mlini', 57),
(119, 'Osnovna škola Mokošica', 58),
(120, 'Osnovna škola Opuzen', 59),
(121, 'Srednja poljoprivredna i tehnička škola Opuzen', 59),
(122, 'Osnovna škola Antuna Masle Orašac', 60),
(123, 'Osnovna škola Orebić', 61),
(124, 'Osnovna škola "Otrići - Dubrave" Otrić - Seoci', 62),
(125, 'Osnovna glazbena škola Ploče', 63),
(126, 'Osnovna škola "Vladimir Nazor" Ploče', 63),
(127, 'Srednja škola fra Andrije Kačića Miošića', 63),
(128, 'Osnovna škola Slano', 64),
(129, 'Osnovna škola Smokvica', 65),
(130, 'Osnovna škola fra Ante Gnječa Staševica', 66),
(131, 'Osnovna škola Ston', 67),
(132, 'Osnovna škola Primorje Smokovljani', 68),
(133, 'Osnovna škola Trpanj', 69),
(134, 'Osnovna škola "Vela Luka"', 70),
(135, 'Srednja škola Vela Luka', 70),
(136, 'Osnovna škola "Ante Curać-Pinjac" Žrnovo', 71),
(137, 'Osnovna škola Brezovica', 72),
(138, 'Osnovna škola Vugrovec - Kašina', 73),
(139, 'Osnovna škola Lučko', 74),
(140, 'Gimnazija Sesvete', 75),
(141, 'Osnovna glazbena škola Zlatka Grgoševića', 75),
(142, 'Osnovna škola Brestje Sesvete', 75),
(143, 'Osnovna škola Ivana Granđe Soblinec Sesvete', 75),
(144, 'Osnovna škola Jelkovec', 75),
(145, 'Osnovna škola Luka Sesvete', 75),
(146, 'Osnovna škola Sesvete', 75),
(147, 'Osnovna škola Sesvetska Sela', 75),
(148, 'Osnovna škola Sesvetska Sopnica', 75),
(149, 'Srednja škola Jelkovec', 75),
(150, 'Osnovna škola Sesvetski Kraljevec', 76),
(151, 'Birotehnika - Osnovna škola za mladež i odrasle', 77),
(152, 'Centar za autizam Zagreb', 77),
(153, 'Centar za odgoj i obrazovanje "Goljak" Zagreb', 77),
(154, 'Centar za odgoj i obrazovanje "Slava Raškaj" Zagreb', 77),
(155, 'Centar za odgoj i obrazovanje "Vinko Bek"', 77),
(156, 'Centar za odgoj i obrazovanje Dubrava', 77),
(157, 'Centar za odgoj i obrazovanje Prekrižje Zagreb', 77),
(158, 'Druga ekonomska škola Zagreb', 77),
(159, 'Druga opća privatna gimnazija s pravom javnosti Zagreb', 77),
(160, 'Drvodjeljska škola Zagreb', 77),
(161, 'Elektrostrojarska obrtnička škola Zagreb', 77),
(162, 'Elektrotehnička škola', 77),
(163, 'Geodetska tehnička škola Zagreb', 77),
(164, 'Gimnazija i ekonomska škola Benedikta Kotruljevića, s pravom javnosti', 77),
(165, 'Gimnazija Lucijana Vranjanina Zagreb', 77),
(166, 'Gimnazija Tituša Brezovačkog Zagreb', 77),
(167, 'Glazbena škola "Muzički Atelje"', 77),
(168, 'Glazbena škola Blagoja Berse Zagreb', 77),
(169, 'Glazbena škola Ladislav Račić', 77),
(170, 'Glazbena škola Pavla Markovca', 77),
(171, 'Glazbena škola Vanja Kos', 77),
(172, 'Glazbena škola Vatroslava Lisinskog Zagreb', 77),
(173, 'Glazbena škola Zlatka Balokovića Zagreb', 77),
(174, 'Glazbeno učilište Elly Bašić', 77),
(175, 'Gornjogradska gimnazija Zagreb', 77),
(176, 'Graditeljska tehnička škola Zagreb', 77),
(177, 'Grafička škola u Zagrebu', 77),
(178, 'Hotelijersko turistička škola u Zagrebu', 77),
(179, 'I. gimnazija Zagreb', 77),
(180, 'I. srednja informatička škola s pravom javnosti', 77),
(181, 'I. tehnička škola Tesla Zagreb', 77),
(182, 'II. gimnazija Zagreb', 77),
(183, 'III. gimnazija Zagreb', 77),
(184, 'Industrijska strojarska škola', 77),
(185, 'Islamska gimnazija dr. Ahmeda Smajlovića', 77),
(186, 'IV. gimnazija Zagreb', 77),
(187, 'IX. gimnazija Zagreb', 77),
(188, 'Klasična gimnazija Zagreb', 77),
(189, 'LINIGRA - Privatna škola s pravom javnosti', 77),
(190, 'Međunarodna osnovna škola Vedri obzori', 77),
(191, 'Nadbiskupska klasična gimnazija s pravom javnosti', 77),
(192, 'Obrtnička i industrijska graditeljska škola Zagreb', 77),
(193, 'Obrtnička škola za osobne usluge Zagreb', 77),
(194, 'Opća privatna gimnazija', 77),
(195, 'Osnovna glazbena škola Ivana Zajca Zagreb', 77),
(196, 'Osnovna glazbena škola Rudolfa Matza Zagreb', 77),
(197, 'Osnovna glazbena škola Schola musica', 77),
(198, 'Osnovna Montessori škola "Barunice Dedee Vranyczany" Zagreb', 77),
(199, 'Osnovna škola "Vukomerec" Zagreb', 77),
(200, 'Osnovna škola A. G. Matoša Zagreb', 77),
(201, 'Osnovna škola Alojzija Stepinca Zagreb', 77),
(202, 'Osnovna škola Augusta Cesarca Zagreb', 77),
(203, 'Osnovna škola Augusta Harambašića Zagreb', 77),
(204, 'Osnovna škola Augusta Šenoe Zagreb', 77),
(205, 'Osnovna škola bana Josipa Jelačića Zagreb', 77),
(206, 'Osnovna škola Bartola Kašića Zagreb', 77),
(207, 'Osnovna škola Borovje Zagreb', 77),
(208, 'Osnovna škola Bukovac Zagreb', 77),
(209, 'Osnovna škola Cvjetno naselje', 77),
(210, 'Osnovna škola Davorina Trstenjaka', 77),
(211, 'Osnovna škola Dobriše Cesarića Zagreb', 77),
(212, 'Osnovna škola dr. Ante Starčevića Zagreb', 77),
(213, 'Osnovna škola dr. Ivan Merz Zagreb', 77),
(214, 'Osnovna škola dr. Vinka Žganca Zagreb', 77),
(215, 'Osnovna škola Dragutina Domjanića Zagreb', 77),
(216, 'Osnovna škola Dragutina Kušlana Zagreb', 77),
(217, 'Osnovna škola Dragutina Tadijanovića Zagreb', 77),
(218, 'Osnovna škola Frana Krste Frankopana Zagreb', 77),
(219, 'Osnovna škola Gornje Vrapče Zagreb', 77),
(220, 'Osnovna škola Gračani', 77),
(221, 'Osnovna škola Grigora Viteza Zagreb', 77),
(222, 'Osnovna škola Horvati Zagreb', 77),
(223, 'Osnovna škola Ivana Cankara Zagreb', 77),
(224, 'Osnovna škola Ivana Filipovića Zagreb', 77),
(225, 'Osnovna škola Ivana Gorana Kovačića Zagreb', 77),
(226, 'Osnovna škola Ivana Gundulića Zagreb', 77),
(227, 'Osnovna škola Ivana Mažuranića Zagreb', 77),
(228, 'Osnovna škola Ivana Meštrovića Zagreb', 77),
(229, 'Osnovna škola Ive Andrića Zagreb', 77),
(230, 'Osnovna škola Izidora Kršnjavoga', 77),
(231, 'Osnovna škola Jabukovac - Zagreb', 77),
(232, 'Osnovna škola Jordanovac Zagreb', 77),
(233, 'Osnovna škola Josipa Jurja Strossmayera Zagreb', 77),
(234, 'Osnovna škola Josipa Račića Zagreb', 77),
(235, 'Osnovna škola Julija Klovića Zagreb', 77),
(236, 'Osnovna škola Jure Kaštelana Zagreb', 77),
(237, 'Osnovna škola kralja Tomislava Zagreb', 77),
(238, 'Osnovna škola Kreativan razvoj', 77),
(239, 'Osnovna škola Ksavera Šandora Gjalskoga Zagreb', 77),
(240, 'Osnovna škola Kustošija', 77),
(241, 'Osnovna škola Lauder-Hugo Kon', 77),
(242, 'Osnovna škola Ljubljanica Zagreb', 77),
(243, 'Osnovna škola Lovre pl. Matačića Zagreb', 77),
(244, 'Osnovna škola Malešnica', 77),
(245, 'Osnovna škola Marina Držića Zagreb', 77),
(246, 'Osnovna škola Markuševec', 77),
(247, 'Osnovna škola Matije Gupca Zagreb', 77),
(248, 'Osnovna škola Matka Laginje Zagreb', 77),
(249, 'Osnovna škola Medvedgrad Zagreb', 77),
(250, 'Osnovna škola Miroslava Krleže Zagreb', 77),
(251, 'Osnovna škola Mladost Zagreb', 77),
(252, 'Osnovna škola Nad Lipom Zagreb', 77),
(253, 'Osnovna škola Nikole Tesle Zagreb', 77),
(254, 'Osnovna škola Odra Zagreb', 77),
(255, 'Osnovna škola Pantovčak Zagreb', 77),
(256, 'Osnovna škola Pavleka Miškine Zagreb', 77),
(257, 'Osnovna škola Petra Preradovića Zagreb', 77),
(258, 'Osnovna škola Petra Zrinskog Zagreb', 77),
(259, 'Osnovna škola Prečko Zagreb', 77),
(260, 'Osnovna škola Rapska Zagreb', 77),
(261, 'Osnovna škola Remete', 77),
(262, 'Osnovna škola Rudeš', 77),
(263, 'Osnovna škola Savski Gaj Zagreb', 77),
(264, 'Osnovna škola Šestine Zagreb', 77),
(265, 'Osnovna škola Silvija Strahimira Kranjčevića Zagreb', 77),
(266, 'Osnovna škola Špansko Oranice', 77),
(267, 'Osnovna škola Stenjevec Zagreb', 77),
(268, 'Osnovna škola Sveta Klara', 77),
(269, 'Osnovna škola Tina Ujevića Zagreb', 77),
(270, 'Osnovna škola Tituša Brezovačkog Zagreb', 77),
(271, 'Osnovna škola Trnjanska Zagreb', 77),
(272, 'Osnovna škola Trnsko Zagreb', 77),
(273, 'Osnovna škola Većeslava Holjevca Zagreb', 77),
(274, 'Osnovna škola Vjenceslava Novaka Zagreb', 77),
(275, 'Osnovna škola Vladimira Nazora Zagreb', 77),
(276, 'Osnovna škola Voltino Zagreb', 77),
(277, 'Osnovna škola Vrbani', 77),
(278, 'Osnovna škola Zapruđe Zagreb', 77),
(279, 'Osnovna škola Žitnjak Zagreb', 77),
(280, 'Osnovna škola Žuti brijeg Zagreb', 77),
(281, 'Poliklinika za rehabilitaciju slušanja i govora Suvag Zagreb', 77),
(282, 'Poljoprivredna škola Zagreb', 77),
(283, 'Poštanska i telekomunikacijska škola', 77),
(284, 'Prehrambeno-tehnološka škola', 77),
(285, 'Prirodoslovna škola Vladimira Preloga', 77),
(286, 'Privatna gimnazija "Dr. Časl" Zagreb', 77),
(287, 'Privatna gimnazija i ekonomska škola Katarina Zrinski Zagreb', 77),
(288, 'Privatna gimnazija i ekonomsko-informatička škola Futura', 77),
(289, 'Privatna gimnazija i turističko-ugostiteljska škola Jure Kuprešak', 77),
(290, 'Privatna jezično - informatička gimnazija "Svijet" s pravom javnosti', 77),
(291, 'Privatna klasična gimnazija Zagreb', 77),
(292, 'Privatna osnovna škola Nandi s pravom javnosti Zagreb', 77),
(293, 'Privatna osnovna škola Sunce', 77),
(294, 'Privatna sportska i jezična gimnazija Franjo Bučar', 77),
(295, 'Privatna srednja ekonomska škola "INOVA" s pravom javnosti Zagreb', 77),
(296, 'Privatna umjetnička gimnazija s pravom javnosti Zagreb', 77),
(297, 'Prva ekonomska škola Zagreb', 77),
(298, 'Prva privatna gimnazija Zagreb', 77),
(299, 'Pučko otvoreno učilište Zagreb', 77),
(300, 'Škola primijenjene umjetnosti i dizajna Zagreb', 77),
(301, 'Škola suvremenog plesa Ane Maletić Zagreb', 77),
(302, 'Škola za balet i ritmiku', 77),
(303, 'Škola za cestovni promet Zagreb', 77),
(304, 'Škola za klasični balet Zagreb', 77),
(305, 'Škola za medicinske sestre Mlinarska Zagreb', 77),
(306, 'Škola za medicinske sestre Vinogradska', 77),
(307, 'Škola za medicinske sestre Vrapče Zagreb', 77),
(308, 'Škola za modu i dizajn', 77),
(309, 'Škola za montažu instalacija i metalnih konstrukcija Zagreb', 77),
(310, 'Škola za primalje Zagreb', 77),
(311, 'Športska gimnazija Zagreb', 77),
(312, 'Srednja škola - Centar za odgoj i obrazovanje Zagreb', 77),
(313, 'Srpska Pravoslavna opća gimnazija "Kantakuzina-Katarina Branković" ustanova s pravom javnosti', 77),
(314, 'Strojarska tehnička škola Fausta Vrančića Zagreb', 77),
(315, 'Strojarska tehnička škola Frana Bošnjakovića Zagreb', 77),
(316, 'Tehnička škola Ruđera Boškovića Zagreb', 77),
(317, 'Tehnička škola Zagreb', 77),
(318, 'Treća ekonomska škola Zagreb', 77),
(319, 'Trgovačka škola Zagreb', 77),
(320, 'Učilište za popularnu I jazz glazbu', 77),
(321, 'Ugostiteljsko-turističko učilište Zagreb', 77),
(322, 'Upravna škola Zagreb', 77),
(323, 'V. gimnazija Zagreb', 77),
(324, 'Veterinarska škola Zagreb', 77),
(325, 'VII. gimnazija Zagreb', 77),
(326, 'Waldorfska škola u Zagrebu', 77),
(327, 'X. gimnazija "Ivan Supek"', 77),
(328, 'XI. gimnazija Zagreb', 77),
(329, 'XII. gimnazija Zagreb', 77),
(330, 'XIII. gimnazija Zagreb', 77),
(331, 'XV. gimnazija Zagreb', 77),
(332, 'XVI. gimnazija Zagreb', 77),
(333, 'XVIII. gimnazija Zagreb', 77),
(334, 'Zagrebačka umjetnička gimnazija s pravom javnosti', 77),
(335, 'Zdravstveno učilište Zagreb', 77),
(336, 'Ženska opća gimnazija Družbe sestara milosrdnica - s pravom javnosti', 77),
(337, 'Osnovna škola Antuna Branka Šimića Zagreb', 78),
(338, 'Osnovna škola Antuna Mihanovića Zagreb', 78),
(339, 'Osnovna škola Čučerje Zagreb', 78),
(340, 'Osnovna škola Granešina Zagreb', 78),
(341, 'Osnovna škola Marije Jurić Zagorke Zagreb', 78),
(342, 'Osnovna škola Mate Lovraka Zagreb', 78),
(343, 'Osnovna škola Retkovec Zagreb', 78),
(344, 'Osnovna škola braće Radić Botinec', 79),
(345, 'Osnovna škola Gustava Krkleca Zagreb', 79),
(346, 'I. osnovna škola Dugave', 80),
(347, 'Osnovna škola Frana Galovića Zagreb', 80),
(348, 'Osnovna škola Otok Zagreb', 80),
(349, 'Osnovna škola Ante Kovačića Zagreb', 81),
(350, 'Osnovna škola grofa Janka Draškovića Zagreb', 81),
(351, 'Osnovna škola Otona Ivekovića Zagreb', 81),
(352, 'Osnovna škola Ružičnjak', 81),
(353, 'Osnovna škola Jure Filipovića Barban', 82),
(354, 'Gospodarska škola Istituto professionale Buje', 83),
(355, 'Osnovna škola Mate Balote Buje', 83),
(356, 'Srednja škola "Vladimir Gortan" Buje', 83),
(357, 'Talijanska osnovna škola Scuola elementare italiana "Edmondo De Amicis" Buje', 83),
(358, 'Talijanska srednja škola "Leonardo da Vinci" Buje', 83),
(359, 'Osnovna škola "Vazmoslav Gržalja" Buzet', 84),
(360, 'Srednja škola Buzet', 84),
(361, 'Osnovna škola Fažana', 85),
(362, 'Osnovna škola Petra Studenca Kanfanar', 86),
(363, 'Osnovna škola Vladimira Nazora Krnica', 87),
(364, 'Osnovna škola "Ivan Goran Kovačić" Čepić', 88),
(365, 'Centar "Liče Faraguna" Labin', 89),
(366, 'Osnovna škola "Ivo Lola Ribar" Labin', 89),
(367, 'Osnovna škola Matije Vlačića Labin', 89),
(368, 'Osnovna umjetnička škola Matka Brajše Rašana', 89),
(369, 'Srednja škola Mate Blažine Labin', 89),
(370, 'Osnovna škola Divšići', 90),
(371, 'Osnovna škola Marčana', 90),
(372, 'Osnovna škola dr. Mate Demarina Medulin', 91),
(373, 'Osnovna škola "Vitomir Širola-Pajo" Nedešćina', 92),
(374, 'Osnovna škola - scuola elementare RIVARELA', 93),
(375, 'Talijanska osnovna škola, Scuola elementare Italiana, Novigrad', 93),
(376, 'Osnovna škola Milana Šorga Oprtalj', 94),
(377, 'Gimnazija i strukovna škola Jurja Dobrile Pazin', 95),
(378, 'Osnovna glazbena škola (pri Pučkom otvorenom učilištu u Pazinu)', 95),
(379, 'Osnovna škola Vladimira Nazora Pazin', 95),
(380, 'Pazinski kolegij - Klasična gimnazija Pazin s pravom javnosti', 95),
(381, 'Osnovna škola Vladimira Nazora Potpićan', 96),
(382, 'Osnovna glazbena škola "Slavko Zlatić" pri POU Poreč', 97),
(383, 'Osnovna škola Poreč', 97),
(384, 'Srednja škola Mate Balote Poreč', 97),
(385, 'Talijanska osnovna škola "Bernardo Parentin" Poreč', 97),
(386, 'Turističko-ugostiteljska škola Antona Štifanića Poreč', 97),
(387, 'Ekonomska škola Pula', 98),
(388, 'Gimnazija Pula', 98),
(389, 'Glazbena škola Ivana Matetića-Ronjgova Pula', 98),
(390, 'Industrijsko-obrtnička škola Pula', 98),
(391, 'Medicinska škola Pula', 98),
(392, 'Osnovna škola "Monte Zaro" Pula', 98),
(393, 'Osnovna škola Centar Pula', 98),
(394, 'Osnovna škola Kaštanjer Pula', 98),
(395, 'Osnovna škola Šijana Pula', 98),
(396, 'Osnovna škola Stoja Pula', 98),
(397, 'Osnovna škola Tone Peruška Pula', 98),
(398, 'Osnovna škola Veli Vrh Pula', 98),
(399, 'Osnovna škola Veruda Pula', 98),
(400, 'Osnovna škola Vidikovac Pula', 98),
(402, 'Privatna gimnazija Juraj Dobrila s pravom javnosti Pula', 98),
(403, 'Prva privatna osnovna škola Juraj Dobrila s pravom javnosti Pula', 98),
(404, 'Škola primijenjenih umjetnosti i dizajna Pula', 98),
(405, 'Škola za odgoj i obrazovanje Pula', 98),
(406, 'Škola za turizam, ugostiteljstvo i trgovinu Pula', 98),
(407, 'Strukovna škola Pula', 98),
(408, 'Talijanska srednja škola Dante Alighieri Pula', 98),
(409, 'Tehnička škola Pula', 98),
(410, 'Osnovna škola Ivana Batelića Raša', 99),
(411, 'Osnovna škola Jurja Dobrile Rovinj', 100),
(412, 'Osnovna škola Vladimira Nazora Rovinj', 100),
(413, 'Srednja škola Zvane Črnje Rovinj', 100),
(414, 'Strukovna škola Eugena Kumičića Rovinj', 100),
(415, 'Talijanska osnovna škola "Bernardo Benussi" Rovinj', 100),
(416, 'Talijanska srednja škola Rovinj', 100),
(417, 'Osnovna škola Joakima Rakovca Sveti Lovreč Pazenatički', 101),
(418, 'Osnovna škola Juršići', 102),
(419, 'Osnovna škola Svetvinčenat', 102),
(420, 'Osnovna škola Tar', 103),
(421, 'Osnovna škola Marije i Line Umag', 104),
(422, 'Talijanska osnovna škola "Galileo Galilei" Umag', 104),
(423, 'Osnovna škola Jože Šurana Višnjan', 105),
(424, 'Srednja škola s pravom javnosti Manero', 105),
(425, 'Osnovna škola Vodnjan', 106),
(426, 'Osnovna škola Vladimira Nazora Vrsar', 107),
(427, 'Osnovna škola Vladimira Gortana Žminj', 108),
(428, 'Osnovna škola Barilović', 109),
(429, 'Osnovna škola Cetingrad', 110),
(430, 'Osnovna škola Draganići', 111),
(431, 'Osnovna škola "Ivan Goran Kovačić" Duga Resa', 112),
(432, 'Osnovna škola "Vladimir Nazor" Duga Resa', 112),
(433, 'Srednja škola Duga Resa', 112),
(434, 'Osnovna škola Generalski Stol', 113),
(435, 'Osnovna škola "Josipdol"', 114),
(436, 'Centar za odgoj i obrazovanje djece i mladeži Karlovac', 115),
(437, 'Ekonomsko-turistička škola Karlovac', 115),
(438, 'Gimnazija Karlovac', 115),
(439, 'Glazbena škola Karlovac', 115),
(440, 'Medicinska škola Karlovac', 115),
(441, 'Mješovita industrijsko-obrtnička škola Karlovac', 115),
(442, 'Osnovna škola "Braća Seljan" Karlovac', 115),
(443, 'Osnovna škola Banija', 115),
(444, 'Osnovna škola Dragojle Jarnević', 115),
(445, 'Osnovna škola Dubovac Karlovac', 115),
(446, 'Osnovna škola Grabrik Karlovac', 115),
(447, 'Osnovna škola Švarča Karlovac', 115),
(448, 'Osnovna škola Turanj Karlovac', 115),
(449, 'Prirodoslovna škola Karlovac', 115),
(450, 'Šumarska i drvodjeljska škola Karlovac', 115),
(451, 'Tehnička škola Karlovac', 115),
(452, 'Trgovačko-ugostiteljska škola Karlovac', 115),
(453, 'Osnovna škola Katarine Zrinski Krnjak', 116),
(454, 'Osnovna škola "Antun Klasinc" Lasinja', 117),
(455, 'Osnovna škola Mahično', 118),
(456, 'Osnovna škola Netretić', 119),
(457, 'Gimnazija Bernardina Frankopana', 120),
(458, 'Obrtnička i tehnička škola Ogulin', 120),
(459, 'Osnovna škola Ivane Brlić-Mažuranić Ogulin', 120),
(460, 'Prva osnovna škola Ogulin', 120),
(461, 'Osnovna škola "Slava Raškaj" Ozalj', 121),
(462, 'Osnovna škola Plaški', 122),
(463, 'Osnovna škola Eugena Kvaternika Rakovica', 123),
(464, 'Osnovna škola Rečica', 124),
(465, 'Osnovna škola Skakavac', 125),
(466, 'Osnovna škola Slunj', 126),
(467, 'Srednja škola Slunj', 126),
(468, 'Osnovna škola Vojnić', 127),
(469, 'Osnovna škola Žakanje', 128),
(470, 'Osnovna škola Ferdinandovac', 129),
(471, 'Osnovna škola Gola', 130),
(472, 'Osnovna škola Sidonije Rubido-Erdödy Gornja Rijeka', 131),
(473, 'Osnovna škola Ivan Lacković Croata Kalinovac', 132),
(474, 'Osnovna škola Kalnik', 133),
(475, 'Osnovna škola Kloštar Podravski', 134),
(476, 'Centar za odgoj, obrazovanje i rehabilitaciju "Podravsko sunce" Koprivnica', 135),
(477, 'Gimnazija "Fran Galović"', 135),
(478, 'Obrtnička škola Koprivnica', 135),
(479, 'Osnovna škola "Antun Nemčić Gostovinski" Koprivnica', 135),
(480, 'Osnovna škola "Braća Radić" Koprivnica', 135),
(481, 'Osnovna škola "Đuro Ester" Koprivnica', 135),
(482, 'Osnovna škola Koprivnički Ivanec', 135),
(483, 'Srednja škola Koprivnica', 135),
(484, 'Umjetnička škola Fortunat Pintarić', 135),
(485, 'Osnovna škola Koprivnički Bregi', 136),
(486, 'Centar za odgoj, obrazovanje i rehabilitaciju Križevci', 137),
(487, 'Gimnazija Ivana Zakmardija Dijankovečkoga Križevci', 137),
(488, 'Glazbena škola Alberta Štrige Križevci', 137),
(489, 'Osnovna škola "Vladimir Nazor" Križevci', 137),
(490, 'Osnovna škola Ljudevita Modeca Križevci', 137),
(491, 'Srednja gospodarska škola Križevci', 137),
(492, 'Srednja škola "Ivan Seljanec" Križevci', 137),
(493, 'Osnovna škola Legrad', 138),
(494, 'Osnovna škola Molve', 139),
(495, 'Osnovna škola "Prof. Blaž Mađer" Novigrad Podravski', 140),
(496, 'Osnovna škola Sveti Petar Orehovec', 141),
(497, 'Osnovna škola Andrije Palmovića Rasinja', 142),
(498, 'Osnovna škola Sokolovac', 143),
(499, 'Osnovna škola "Grigor Vitez" Sveti Ivan Žabno', 144),
(500, 'Osnovna škola prof. Franje Viktora Šignjara Virje', 145),
(501, 'Osnovna škola "Fran Koncelak" Drnje', 146),
(502, 'Osnovna škola Mihovil Pavlek Miškina Đelekovec', 146),
(503, 'Gimnazija dr. Ivana Kranjčeva Đurđevac', 147),
(504, 'Osnovna škola Grgura Karlovčana Đurđevac', 147),
(505, 'Strukovna škola Đurđevac', 147),
(506, 'Osnovna škola Bedekovčina', 148),
(507, 'Srednja škola Bedekovčina', 148),
(508, 'Osnovna škola Belec', 149),
(509, 'Osnovna škola Stjepana Radića Brestovec Orehovički', 150),
(510, 'Centar za odgoj i obrazovanje Zajezda', 151),
(511, 'Osnovna škola "Vladimir Nazor" Budinščina', 151),
(512, 'Osnovna škola Đure Prejca Desinić', 152),
(513, 'Osnovna škola Donja Stubica', 153),
(514, 'Privatna osnovna glazbena škola Bonar', 153),
(515, 'Osnovna škola Matije Gupca Gornja Stubica', 154),
(516, 'Osnovna škola Gornje Jesenje', 155),
(517, 'Osnovna škola Viktora Kovačića Hum na Sutli', 156),
(518, 'Osnovna škola Antuna Mihanovića Klanjec', 157),
(519, 'Osnovna škola Konjščina', 158),
(520, 'Srednja škola Konjšćina', 158),
(521, 'Osnovna škola Pavla Štoosa Kraljevec na Sutli', 159),
(522, 'Osnovna škola "Ljudevit Gaj" u Krapini', 160),
(523, 'Osnovna škola Augusta Cesarca Krapina', 160),
(524, 'Srednja škola Krapina', 160),
(525, 'Osnovna škola Krapinske Toplice', 161),
(526, 'Osnovna škola pri Specijalnoj bolnici za medicinsku rehabilitaciju Krapinske Toplice', 161),
(527, 'Osnovna škola Josipa Broza Kumrovec', 162),
(528, 'Osnovna škola Franje Horvata Kiša Lobor', 163),
(529, 'Osnovna škola Mače', 164),
(530, 'Osnovna škola Marija Bistrica', 165),
(531, 'Osnovna škola "Ljudevit Gaj" Mihovljan', 166),
(532, 'Osnovna škola Oroslavje', 167),
(533, 'Srednja škola Oroslavje', 167),
(534, 'Osnovna škola Antuna Mihanovića Petrovsko', 168),
(535, 'Glazbena škola Pregrada', 169),
(536, 'Osnovna škola Janka Leskovara Pregrada', 169),
(537, 'Srednja škola Pregrada', 169),
(538, 'Osnovna škola Side Košutić Radoboj', 170),
(539, 'Osnovna škola Stubičke Toplice', 171),
(540, 'Osnovna škola Sveti Križ Začretje', 172),
(541, 'Osnovna škola Lijepa Naša Tuhelj', 173),
(542, 'Osnovna škola Veliko Trgovišće', 174),
(543, 'Gimnazija Antuna Gustava Matoša Zabok', 175),
(544, 'Osnovna škola Ksavera Šandora Gjalskog', 175),
(545, 'Škola za umjetnost, dizajn, grafiku i odjeću Zabok', 175),
(546, 'Srednja škola Zabok', 175),
(547, 'Osnovna škola Ante Kovačića Zlatar', 176),
(548, 'Srednja škola Zlatar', 176),
(549, 'Osnovna škola Zlatar Bistrica', 177),
(550, 'Osnovna škola Đurmanec', 178),
(551, 'Osnovna škola Luke Perkovića Brinje', 179),
(552, 'Osnovna škola Donji Lapac', 180),
(553, 'Gimnazija Gospić', 181),
(554, 'Osnovna škola dr. Jure Turića Gospić', 181),
(555, 'Strukovna škola Gospić', 181),
(556, 'Osnovna škola Karlobag', 182),
(557, 'Osnovna škola "Dr. Ante Starčević" Pazarište Klanac', 183),
(558, 'Osnovna škola dr. Franje Tuđmana Korenica', 184),
(559, 'Srednja škola Plitvička jezera', 184),
(560, 'Osnovna škola "Anž Frankopan" Kosinj', 185),
(561, 'Osnovna škola dr. Franje Tuđmana Lički Osik', 186),
(562, 'Osnovna škola Lovinac', 187),
(563, 'Osnovna škola A. G. Matoša Novalja', 188),
(564, 'Osnovna škola Zrinskih i Frankopana Otočac', 189),
(565, 'Srednja škola Otočac', 189),
(566, 'Osnovna škola Perušić', 190),
(567, 'Osnovna škola Plitvička Jezera', 191),
(568, 'Osnovna škola Silvija Strahimira Kranjčevića Senj', 192),
(569, 'Srednja škola Pavla Rittera Vitezovića Senj', 192),
(570, 'Osnovna škola Kralja Tomislava Udbina', 193),
(571, 'Osnovna škola Belica', 194),
(572, 'Centar za odgoj i obrazovanje Čakovec', 195),
(573, 'Ekonomska i trgovačka škola Čakovec', 195),
(574, 'Gimnazija Josipa Slavenskog Čakovec', 195),
(575, 'Gospodarska škola Čakovec', 195),
(576, 'Graditeljska škola Čakovec', 195),
(577, 'I. osnovna škola Čakovec', 195),
(578, 'II. osnovna škola Čakovec', 195),
(579, 'III. osnovna škola Čakovec', 195),
(580, 'Osnovna škola Ivanovec', 195),
(581, 'Osnovna škola Kuršanec Čakovec', 195),
(582, 'Osnovna škola Petar Zrinski Šenkovec', 195),
(583, 'Osnovna škola Strahoninec', 195),
(584, 'Osnovna škola Vladimira Nazora Pribislavec', 195),
(585, 'Srednja škola Čakovec', 195),
(586, 'Tehnička škola Čakovec', 195),
(587, 'Umjetnička škola Miroslav Magdalenić Čakovec', 195),
(588, 'Osnovna škola Domašinec', 196),
(589, 'Osnovna škola Donja Dubrava', 197),
(590, 'Osnovna škola Donji Kraljevec', 198),
(591, 'Osnovna škola Hodošan', 198),
(592, 'Osnovna škola Draškovec', 199),
(593, 'Osnovna škola Goričan', 200),
(594, 'Osnovna škola Jože Horvata Kotoriba', 201),
(595, 'Osnovna škola Ivana Gorana Kovačića Sveti Juraj na Bregu', 202),
(596, 'Osnovna škola dr. Ivana Novaka Macinec', 203),
(597, 'Osnovna škola Gornji Mihaljevec', 203),
(598, 'Osnovna škola Tomaša Goričanca Mala Subotica', 204),
(599, 'Osnovna škola Mursko Središće', 205),
(600, 'Osnovna škola Nedelišće', 206),
(601, 'Osnovna škola Orehovica', 207),
(602, 'Osnovna škola Podturen', 208),
(603, 'Osnovna škola Prelog', 209),
(604, 'Srednja škola Prelog', 209),
(605, 'Osnovna škola Selnica', 210),
(606, 'Osnovna škola Štrigova', 211),
(607, 'Osnovna škola Sveta Marija', 212),
(608, 'Osnovna škola Sveti Martin na Muri', 213),
(609, 'Osnovna škola dr.Vinka Žganca Vratišinec', 214),
(610, 'Osnovna škola "Antunovac"', 215),
(611, 'Druga srednja škola Beli Manastir', 216),
(612, 'Gimnazija Beli Manastir', 216),
(613, 'Osnovna škola "Dr. Franjo Tuđman" Beli Manastir', 216),
(614, 'Osnovna škola "Šećerana" Šećerana', 216),
(615, 'Prva srednja škola Beli Manastir', 216),
(616, 'Umjetnička škola Beli Manastir', 216),
(617, 'Osnovna škola Ivana Kukuljevića Belišće', 217),
(618, 'Osnovna škola Bijelo Brdo', 218),
(619, 'Osnovna škola Bilje', 219),
(620, 'Osnovna škola Bratoljuba Klaića Bizovac', 220),
(621, 'Osnovna škola Čeminac', 221),
(622, 'Osnovna škola Miroslava Krleže Čepin', 222),
(623, 'Osnovna škola Vladimir Nazor Čepin', 222),
(624, 'Osnovna škola Dalj', 223),
(625, 'Srednja škola Dalj', 223),
(626, 'Osnovna škola Darda', 224),
(627, 'Osnovna škola "August Harambašić" Donji Miholjac', 225),
(628, 'Srednja škola Donji Miholjac', 225),
(629, 'Osnovna škola Draž', 226),
(630, 'Osnovna škola Drenje', 227),
(631, 'Osnovna škola Ernestinovo', 228),
(632, 'Osnovna škola Vladimira Nazora Feričanci', 229),
(633, 'Osnovna škola Gorjani', 230),
(634, 'Osnovna škola Jagodnjak', 231),
(635, 'Osnovna škola Josipovac', 232),
(636, 'Osnovna škola Kneževi Vinogradi', 233),
(637, 'Osnovna škola Ivane Brlić Mažuranić Koška', 234),
(638, 'Osnovna škola Korog', 235),
(639, 'Osnovna škola Laslovo', 235),
(640, 'Osnovna škola "Silvije Strahimir Kranjčević" Levanjska Varoš', 236),
(641, 'Osnovna škola Lug', 237),
(642, 'Osnovna škola "Matija Gubec" Magadenovac', 238),
(643, 'Osnovna glazbena škola "Kontesa Dora" Našice', 239),
(644, 'Osnovna škola Dore Pejačević Našice', 239),
(645, 'Osnovna škola Ivana Brnjika Slovaka Jelisavac', 239),
(646, 'Osnovna škola kralja Tomislava Našice', 239),
(647, 'Srednja škola Isidora Kršnjavoga Našice', 239),
(648, 'Centar za odgoj i obrazovanje "Ivan Štark" Osijek', 240),
(649, 'Ekonomska i upravna škola Osijek', 240),
(650, 'Elektrotehnička i prometna škola Osijek', 240),
(651, 'Glazbena škola Franje Kuhača Osijek', 240),
(652, 'Graditeljsko-geodetska škola Osijek', 240),
(653, 'I. gimnazija Osijek', 240),
(654, 'II. gimnazija Osijek', 240),
(655, 'III. gimnazija Osijek', 240),
(656, 'Isusovačka klasična gimnazija s pravom javnosti u Osijeku', 240),
(657, 'Medicinska škola Osijek', 240),
(658, 'Obrtnička škola Osijek', 240),
(659, 'Osnovna škola "Dobriša Cesarić" Osijek', 240),
(660, 'Osnovna škola "Grigor Vitez" Osijek', 240),
(661, 'Osnovna škola "Mladost" Osijek', 240),
(662, 'Osnovna škola "Retfala" Osijek', 240),
(663, 'Osnovna škola "Tin Ujević" Osijek', 240),
(664, 'Osnovna škola Antuna Mihanovića Osijek', 240),
(665, 'Osnovna škola August Šenoa Osijek', 240),
(666, 'Osnovna škola Frana Krste Frankopana Osijek', 240),
(667, 'Osnovna škola Franje Krežme Osijek', 240),
(668, 'Osnovna škola Ivana Filipovića Osijek', 240),
(669, 'Osnovna škola Jagode Truhelke Osijek', 240),
(670, 'Osnovna škola Ljudevita Gaja Osijek', 240),
(671, 'Osnovna škola Svete Ane u Osijeku', 240),
(672, 'Osnovna škola Vijenac', 240),
(673, 'Osnovna škola Vladimira Becića Osijek', 240),
(674, 'Poljoprivredna i veterinarska škola Osijek', 240),
(675, 'Prosvjetno - kulturni centar Mađara u Republici Hrvatskoj Osijek', 240),
(676, 'Prva privatna srednja škola u Osijeku s pravom javnosti Gaudeamus', 240),
(677, 'Škola primijenjene umjetnosti i dizajna Osijek', 240),
(678, 'Škola za osposobljavanje i obrazovanje "Vinko Bek" Osijek', 240),
(679, 'Strojarska tehnička škola Osijek', 240),
(680, 'Tehnička škola i prirodoslovna gimnazija Ruđera Boškovića Osijek', 240),
(681, 'Trgovačka i komercijalna škola Davor Milas', 240),
(682, 'Ugostiteljsko-turistička škola Osijek', 240),
(683, 'Osnovna škola Petrijevci', 241),
(684, 'Osnovna škola "Matija Gubec" Piškorevci', 242),
(685, 'Osnovna škola Hrvatski sokol Podgajci Podravski', 243),
(686, 'Osnovna škola Hinka Juhna Podgorač', 244),
(687, 'Osnovna škola Popovac', 245),
(688, 'Osnovna škola "Josip Kozarac" Josipovac Punitovački', 246),
(689, 'Osnovna škola Satnica Đakovačka', 247),
(690, 'Osnovna škola Đakovački Selci', 248),
(691, 'Osnovna škola Josipa Kozarca Semeljci', 249),
(692, 'Osnovna škola "Ivana Brlić Mažuranić" Strizivojna', 250),
(693, 'Osnovna škola Tenja', 251),
(694, 'Osnovna škola Josipa Jurja Strossmayera Trnava', 252),
(695, 'Osnovna škola Ladimirevci', 253),
(696, 'Osnovna škola Matije Petra Katančića Valpovo', 253),
(697, 'Srednja škola Valpovo', 253),
(698, 'Osnovna škola Ante Starčevića Viljevo', 254),
(699, 'Osnovna škola Luka Botić Viškovci', 255),
(700, 'Osnovna škola Višnjevac', 256),
(701, 'Osnovna škola Mate Lovraka Vladislavci', 257),
(702, 'Osnovna škola Milka Cepelića Vuka', 258),
(703, 'Osnovna škola Zmajevac', 259),
(704, 'Ekonomska škola Braća Radić', 260),
(705, 'Gimnazija A. G. Matoša Đakovo', 260),
(706, 'Osnovna škola "Ivan Goran Kovačić" Đakovo', 260),
(707, 'Osnovna škola "Vladimir Nazor" Đakovo', 260),
(708, 'Osnovna škola Budrovci', 260),
(709, 'Osnovna škola Josipa Antuna Ćolnića Đakovo', 260),
(710, 'Srednja strukovna škola Antuna Horvata', 260),
(711, 'Osnovna škola Josipa Jurja Strossmayera Đurđenovac', 261),
(712, 'Srednja škola Josipa Kozarca Đurđenovac', 261),
(713, 'Osnovna škola Dragutina Lermana Brestovac', 262),
(714, 'Osnovna škola Stjepana Radića Čaglin', 263),
(715, 'Osnovna škola "Mladost" Jakšić', 264),
(716, 'Osnovna škola Vilima Korajca Kaptol', 265),
(717, 'Osnovna škola Zdenka Turkovića Kutjevo', 266),
(718, 'Osnovna škola Lipik', 267),
(719, 'Osnovna glazbena škola Pakrac', 268),
(720, 'Osnovna škola braće Radića Pakrac', 268),
(721, 'Srednja škola Pakrac', 268),
(722, 'Osnovna škola fra Kaje Adžića Pleternica', 269),
(723, 'Osnovna škola Grigora Viteza Poljana', 270),
(724, 'Ekonomska škola Požega', 271),
(725, 'Gimnazija Požega', 271),
(726, 'Katolička gimnazija s pravom javnosti', 271),
(727, 'Katolička osnovna škola u Požegi', 271),
(728, 'Obrtnička škola Požega', 271),
(729, 'Osnovna škola "Dobriša Cesarić" Požega', 271),
(730, 'Osnovna škola Antuna Kanižlića Požega', 271),
(731, 'Osnovna škola Julija Kempfa Požega', 271),
(732, 'Poljoprivredno-prehrambena škola Požega', 271),
(733, 'Tehnička škola Požega', 271),
(734, 'Osnovna škola "Ivan Goran Kovačić" Velika', 272),
(735, 'Osnovna škola "Vladimir Nazor" Trenkovo', 272),
(736, 'Osnovna škola Bakar', 273),
(737, 'Pomorska škola Bakar', 273),
(738, 'Osnovna škola dr. Josipa Pančića', 274),
(739, 'Osnovna škola Brod Moravice', 275),
(740, 'Osnovna škola Frana Krste Frankopana Brod na Kupi', 276),
(741, 'Osnovna škola "Petar Zrinski" Čabar', 277),
(742, 'Srednja škola "Vladimir Nazor" Čabar', 277),
(743, 'Osnovna škola "Čavle"', 278),
(744, 'Osnovna škola Frane Petrića Cres', 279),
(745, 'Osnovna škola Vladimira Nazora Crikvenica', 280),
(746, 'Osnovna škola Zvonka Cara Crikvenica', 280),
(747, 'Srednja škola dr. Antuna Barca Crikvenica', 280),
(748, 'Osnovna glazbena škola Ive Tijardovića Delnice', 281),
(749, 'Osnovna škola Ivana Gorana Kovačića Delnice', 281),
(750, 'Srednja škola Delnice', 281),
(751, 'Osnovna škola "Jelenje-Dražice" Dražice', 282),
(752, 'Osnovna škola Ivanke Trohar Fužine', 283),
(753, 'Osnovna škola "Hreljin"', 284),
(754, 'Osnovna škola "Drago Gervais" Brešca', 285),
(755, 'Osnovna škola "Milan Brozović" Kastav', 286),
(756, 'Osnovna škola Klana', 287),
(757, 'Osnovna škola Kostrena', 288),
(758, 'Osnovna škola Kraljevica', 289),
(759, 'Osnovna škola "Fran Krsto Frankopan" Krk', 290),
(760, 'Srednja škola Hrvatski kralj Zvonimir', 290),
(761, 'Osnovna škola Rudolfa Strohala', 291),
(762, 'Osnovna škola Viktora Cara Emina Lovran', 292),
(763, 'Centar odgoja i obrazovanja pri Odgojnom domu Mali Lošinj', 293),
(764, 'Osnovna škola Maria Martinolića Mali Lošinj', 293),
(765, 'Srednja škola Ambroza Haračića Mali Lošinj', 293),
(766, 'Osnovna škola "Dr. Andrija Mohorovičić" Matulji', 294),
(767, 'Željeznička tehnička škola Moravice', 295),
(768, 'Osnovna škola Mrkopalj', 296),
(769, 'Osnovna škola Ivana Mažuranića Novi Vinodolski', 297),
(770, 'Gimnazija Eugena Kumičića Opatija', 298),
(771, 'Hotelijersko-turistička škola', 298),
(772, 'Obrtnička škola Opatija', 298),
(773, 'Osnovna glazbena škola "Mirković" Opatija', 298),
(774, 'Osnovna škola "Rikard Katalinić Jeretov" Opatija', 298),
(775, 'Srednja glazbena škola "Mirković" Opatija', 298),
(776, 'Ugostiteljska škola Opatija', 298),
(777, 'Osnovna škola Ivana Rabljanina Rab', 299),
(778, 'Srednja škola Markantuna De Dominisa Rab', 299),
(779, 'Osnovna škola Dr. Branimira Markovića Ravna Gora', 300),
(780, 'Centar za odgoj i obrazovanje Rijeka', 301),
(781, 'Ekonomska škola Mije Mirkovića Rijeka', 301),
(782, 'Elektroindustrijska i obrtnička škola Rijeka', 301),
(783, 'Gimnazija Andrije Mohorovičića Rijeka', 301),
(784, 'Glazbena škola Ivana Matetića Ronjgova Rijeka', 301),
(785, 'Graditeljska škola za industriju i obrt Rijeka', 301),
(786, 'Građevinska tehnička škola Rijeka', 301),
(787, 'Medicinska škola u Rijeci', 301),
(788, 'Osnovna glazbena škola Aleksandra Jug-Matić Rijeka', 301),
(789, 'Osnovna škola "Brajda" Rijeka', 301),
(790, 'Osnovna škola "Centar" Rijeka', 301),
(791, 'Osnovna škola "Dolac" Rijeka', 301),
(792, 'Osnovna škola "Fran Franković" Rijeka', 301),
(793, 'Osnovna škola "Kantrida" Rijeka', 301),
(794, 'Osnovna škola "Kozala" Rijeka', 301),
(795, 'Osnovna škola "Nikola Tesla" Rijeka', 301),
(796, 'Osnovna škola "Pehlin" Rijeka', 301),
(797, 'Osnovna škola "San Nicolo" Rijeka', 301),
(798, 'Osnovna škola "Srdoči" Rijeka', 301),
(799, 'Osnovna škola "Trsat" Rijeka', 301),
(800, 'Osnovna škola "Turnić" Rijeka', 301),
(801, 'Osnovna škola "Vežica" Rijeka', 301),
(802, 'Osnovna škola "Vladimir Gortan" Rijeka', 301),
(803, 'Osnovna škola "Zamet" Rijeka', 301),
(804, 'Osnovna škola - Scuola elementare "Gelsi" Rijeka - Fiume', 301),
(805, 'Osnovna škola Belvedere Rijeka', 301),
(806, 'Osnovna škola Eugen Kumičić Rijeka', 301),
(807, 'Osnovna škola Gornja Vežica Rijeka', 301),
(808, 'Osnovna škola Grivica Rijeka', 301),
(809, 'Osnovna škola Ivana Zajca Rijeka', 301),
(810, 'Osnovna škola Pećine Rijeka', 301),
(811, 'Osnovna škola Podmurvice Rijeka', 301),
(812, 'Osnovna škola Škurinje Rijeka', 301),
(813, 'Osnovna Waldorfska škola Rijeka', 301),
(814, 'Prirodoslovna i grafička škola Rijeka', 301),
(815, 'Prometna škola Rijeka', 301),
(816, 'Prva riječka hrvatska gimnazija', 301),
(817, 'Prva sušačka hrvatska gimnazija u Rijeci', 301),
(818, 'Salezijanska klasična gimnazija - s pravom javnosti', 301),
(819, 'Škola za primijenjenu umjetnost u Rijeci', 301),
(820, 'Srednja škola Andrije Ljudevita Adamića', 301),
(821, 'Srednja škola za elektrotehniku i računalstvo', 301),
(822, 'Srednja talijanska škola Rijeka', 301),
(823, 'Strojarska škola za industrijska i obrtnička zanimanja Rijeka', 301),
(824, 'Strojarsko brodograđevna škola za industrijska i obrtnička zanimanja Rijeka', 301),
(825, 'Tehnička škola za strojarstvo i brodogradnju Rijeka', 301),
(826, 'Trgovačka i tekstilna škola u Rijeci', 301),
(827, 'Osnovna škola Skrad', 302),
(828, 'Osnovna škola Jurja Klovića', 303),
(829, 'Osnovna škola "Sveti Matej" Viškovo', 304),
(830, 'Osnovna škola Ivana Gorana Kovačića Vrbovsko', 305),
(831, 'Osnovna škola Banova Jaruga', 306),
(832, 'Osnovna škola Komarevo, Blinjski Kut', 307),
(833, 'Osnovna škola Katarina Zrinska Mečenčani', 308),
(834, 'Osnovna škola Dvor', 309),
(835, 'Osnovna škola Glina', 310),
(836, 'Srednja škola Glina', 310),
(837, 'Osnovna škola Gvozd', 311),
(838, 'Osnovna škola Ivo Kozarčanin Hrvatska Dubica', 312),
(839, 'Osnovna škola Davorina Trstenjaka Hrvatska Kostajnica', 313),
(840, 'Srednja škola Ivana Trnskoga Hrvatska Kostajnica', 313),
(841, 'Osnovna škola Jabukovac', 314),
(842, 'Osnovna škola Jasenovac', 315),
(843, 'Osnovna glazbena škola Borisa Papandopula Kutina', 316),
(844, 'Osnovna škola Mate Lovraka Kutina', 316),
(845, 'Osnovna škola Stjepana Kefelje Kutina', 316),
(846, 'Osnovna škola Vladimira Vidrića Kutina', 316),
(847, 'Osnovna škola Zvonimira Franka', 316),
(848, 'Srednja škola Tina Ujevića Kutina', 316),
(849, 'Tehnička škola Kutina', 316),
(850, 'Osnovna škola Mladost', 317),
(851, 'Osnovna škola Josipa Kozarca Lipovljani', 318),
(852, 'Osnovna škola "Braća Radić" Martinska Ves', 319),
(853, 'Glazbena škola u Novskoj', 320),
(854, 'Osnovna škola Novska', 320),
(855, 'Srednja škola Novska', 320),
(856, 'I. osnovna škola Petrinja', 321),
(857, 'Osnovna škola "Ivan Goran Kovačić" Gora', 321),
(858, 'Osnovna škola Dragutina Tadijanovića Petrinja', 321),
(859, 'Osnovna škola Mate Lovraka Petrinja', 321),
(860, 'Srednja škola Petrinja', 321),
(861, 'Osnovna škola Popovača', 322),
(862, 'Osnovna škola Rajić', 323),
(863, 'Osnovna škola Sela', 324),
(864, 'Ekonomska škola Sisak', 325),
(865, 'Gimnazija Sisak', 325),
(866, 'Glazbena škola Frana Lhotke Sisak', 325),
(867, 'Osnovna škola "Braća Bobetko" Sisak', 325),
(868, 'Osnovna škola 22.lipnja Sisak', 325),
(869, 'Osnovna škola Braća Ribar Sisak', 325),
(870, 'Osnovna škola Galdovo Sisak', 325),
(871, 'Osnovna škola Ivana Kukuljevića Sisak', 325),
(872, 'Osnovna škola Viktorovac Sisak', 325),
(873, 'Srednja škola Viktorovac', 325),
(874, 'Strukovna škola Sisak', 325),
(875, 'Industrijsko - obrtnička škola Sisak', 326),
(876, 'Tehnička škola Sisak', 326),
(877, 'Osnovna škola Sunja', 327),
(878, 'Osnovna škola Budaševo - Topolovac - Gušće', 328),
(879, 'Osnovna škola "Vladimir Nazor" Topusko', 329),
(880, 'Srednja škola Topusko', 329),
(881, 'Osnovna škola Ludina', 330),
(882, 'Osnovna škola Josipa Jovića', 331),
(883, 'Osnovna škola Bariše Granića Meštra Baška Voda', 332),
(884, 'Osnovna škola Bol', 333),
(885, 'Srednja škola "Bol" Bol', 333),
(886, 'Osnovna škola Dr. Franje Tuđmana Brela', 334),
(887, 'Osnovna škola Ivana Gorana Kovačića Cista Velika', 335),
(888, 'Osnovna škola Ante Starčevića Dicmo', 336),
(889, 'Osnovna škola Gornja Poljica', 337),
(890, 'Osnovna škola Braće Radića Bračević', 338),
(891, 'Osnovna škola kneza Branimira Donji Muć', 338),
(892, 'Osnovna škola "Ivan Leko" Proložac', 339),
(893, 'Osnovna škola Jesenice Dugi Rat', 340),
(894, 'Osnovna škola "Dugopolje" Dugopolje', 341),
(895, 'Osnovna škola "1. listopada 1942." Čišla', 342),
(896, 'Osnovna škola "Gradac"', 343),
(897, 'Osnovna škola "Grohote" Grohote', 344),
(898, 'Osnovna škola Dinka Šimunovića Hrvace', 345),
(899, 'Osnovna škola Hvar', 346),
(900, 'Srednja škola Hvar', 346),
(901, 'Ekonomska škola Imotski', 347),
(902, 'Gimnazija dr. Mate Ujevića Imotski', 347),
(903, 'Glazbena škola dr. fra. Ivan Glibotić', 347),
(904, 'Obrtničko - industrijska škola u Imotskom', 347),
(905, 'Osnovna škola "Stjepan Radić" Imotski', 347),
(906, 'Tehnička škola u Imotskom', 347),
(907, 'Osnovna škola Jelsa', 348),
(908, 'Osnovna škola Kneza Trpimira', 349),
(909, 'Osnovna škola "Ostrog" Kaštel Lukšić', 350),
(910, 'Osnovna škola "Bijaći" Kaštel-Novi', 351),
(911, 'Osnovna škola "Prof. Filip Lukas" Kaštel Stari', 351),
(912, 'Srednja škola "Braća Radić" Kaštel Štafilić', 351),
(913, 'Osnovna škola Kneza Mislava Kaštel Sućurac', 352),
(914, 'Osnovna škola Petra Kružića Klis', 353),
(915, 'Osnovna škola "Komiža"', 354),
(916, 'Osnovna škola "Tin Ujević" Krivodol', 355),
(917, 'Osnovna škola Silvija Strahimira Kranjčevića Lovreć', 356),
(918, 'Glazbena škola Makarska', 357),
(919, 'Osnovna škola o. Petra Perice Makarska', 357),
(920, 'Osnovna škola Stjepana Ivičevića Makarska', 357),
(921, 'Srednja škola fra Andrije Kačića Miošića Makarska', 357),
(922, 'Srednja strukovna škola Makarska', 357),
(923, 'Osnovna škola "Ivan Duknović" Marina', 358),
(924, 'Osnovna škola Milna Brač', 359),
(925, 'Osnovna škola "Neorić-Sutina" Neorić', 360),
(926, 'Osnovna škola Ivana Mažuranića Obrovac Sinjski - Han', 361),
(927, 'Osnovna glazbena škola Omiš', 362),
(928, 'Osnovna škola Josip Pupačić Omiš', 362),
(929, 'Srednja škola "Jure Kaštelan" Omiš', 362),
(930, 'Osnovna škola "Kamešnica" Otok', 363),
(931, 'Osnovna škola don Mihovila Pavlinovića', 364),
(932, 'Osnovna škola Strožanac', 365),
(933, 'Osnovna škola Vladimira Nazora Postira', 366),
(934, 'Osnovna škola "Primorski Dolac"', 367),
(935, 'Klesarska škola Pučišća', 368),
(936, 'Osnovna škola Pučišća', 368),
(937, 'Osnovna škola Runović', 369),
(938, 'Osnovna škola Kralja Zvonimira Seget Donji', 370),
(939, 'Osnovna škola Selca', 371),
(940, 'Osnovna škola "Dr. fra Karlo Balić" Šestanovac', 372),
(941, 'Franjevačka klasična gimnazija u Sinju s pravom javnosti', 373),
(942, 'Gimnazija Dinka Šimunovića u Sinju', 373),
(943, 'Osnovna glazbena škola Jakova Gotovca Sinj', 373),
(944, 'Osnovna škola fra Pavla Vučkovića Sinj', 373),
(945, 'Osnovna škola Ivana Lovrića Sinj', 373),
(946, 'Osnovna škola Marka Marulića Sinj', 373),
(947, 'Srednja strukovna škola bana Josipa Jelačića Sinj', 373),
(948, 'Tehnička i industrijska škola Ruđera Boškovića u Sinju', 373),
(949, 'Osnovna škola Slatine', 374),
(950, 'Osnovna škola don Lovre Katića', 375),
(951, 'Osnovna škola kraljice Jelene Solin', 375),
(952, 'Osnovna škola Vjekoslav Parać Solin', 375),
(953, 'Centar za odgoj i obrazovanje "Slava Raškaj" Split', 376),
(954, 'Centar za odgoj i obrazovanje Juraj Bonači', 376),
(955, 'Ekonomsko-birotehnička škola Split', 376),
(956, 'Elektrotehnička škola Split', 376),
(957, 'Gimnazijski kolegij "Kraljica Jelena" s pravom javnosti Split', 376),
(958, 'Glazbena škola Josipa Hatzea Split', 376),
(959, 'Graditeljsko-geodetska tehnička škola Split', 376),
(960, 'I. gimnazija Split', 376),
(961, 'II. gimnazija Split', 376),
(962, 'III. gimnazija Split', 376),
(963, 'Industrijska škola Split', 376),
(964, 'IV. gimnazija Marko Marulić Split', 376),
(965, 'Komercijalno-trgovačka škola Split', 376),
(966, 'Nadbiskupijska klasična gimnazija "Don Frane Bulić" Split - s pravom javnosti', 376),
(967, 'Obrtna tehnička škola Split', 376),
(968, 'Obrtnička škola Split', 376),
(969, 'Osnovna škola "Blatine-Škrape" Split', 376),
(970, 'Osnovna škola "Bol" Split', 376),
(971, 'Osnovna škola "Brda" Split', 376),
(972, 'Osnovna škola "Dobri" Split', 376),
(973, 'Osnovna škola "Gripe" Split', 376),
(974, 'Osnovna škola "Lučac" Split', 376),
(975, 'Osnovna škola "Manuš" Split', 376),
(976, 'Osnovna škola "Marjan" Split', 376),
(977, 'Osnovna škola "Mejaši" Split', 376),
(978, 'Osnovna škola "Meje" Split', 376),
(979, 'Osnovna škola "Plokite" Split', 376),
(980, 'Osnovna škola "Pojišan" Split', 376),
(981, 'Osnovna škola "Ravne njive" Split', 376),
(982, 'Osnovna škola "Skalice" Split', 376),
(983, 'Osnovna škola "Spinut" Split', 376),
(984, 'Osnovna škola "Split 3"', 376),
(985, 'Osnovna škola "Sućidar" Split', 376),
(986, 'Osnovna škola "Trstenik" Split', 376),
(987, 'Osnovna škola Kamen - Šine Split', 376),
(988, 'Osnovna škola Kman Kocunar Split', 376),
(989, 'Osnovna škola Mertojak Split', 376),
(990, 'Osnovna škola Pujanki ', 376),
(991, 'Osnovna škola Visoka Split', 376),
(992, 'Pomorska škola Split', 376),
(993, 'Prirodoslovna tehnička škola Split', 376),
(994, 'Privatna jezična gimnazija - Pitagora', 376),
(995, 'Privatna jezično-informatička gimnazija Leonardo da Vinci', 376),
(996, 'Privatna osnovna glazbena škola "Boris Papandopulo" Split', 376),
(997, 'Privatna srednja škola Marko Antun de Dominis', 376),
(998, 'Privatna srednja škola Wallner', 376),
(999, 'Škola likovnih umjetnosti Split', 376),
(1000, 'Škola za dizajn, grafiku i održivu gradnju', 376),
(1001, 'Srednja škola "Dental centar Marušić" Split', 376),
(1002, 'Srednja tehnička prometna škola Split', 376),
(1003, 'Tehnička škola za strojarstvo i mehatroniku', 376),
(1004, 'Turističko-ugostiteljska škola Split', 376),
(1005, 'Umjetnička gimnazija Ars Animae', 376),
(1006, 'V. gimnazija "Vladimir Nazor" Split', 376),
(1007, 'Zdravstvena škola', 376),
(1008, 'Osnovna škola "Srinjine"', 377),
(1009, 'Osnovna škola Petra Hektorovića Stari Grad', 378),
(1010, 'Osnovna škola Stobreč', 379),
(1011, 'Osnovna škola Studenci', 380),
(1012, 'Osnovna škola "Ante Anđelinović" Sućuraj', 381),
(1013, 'Osnovna škola Supetar', 382),
(1014, 'Srednja škola "Brač" Supetar', 382),
(1015, 'Osnovna škola "Stjepan Radić" Tijarica', 383),
(1016, 'Osnovna škola Trilj', 384),
(1017, 'Osnovna škola "Petar Berislavić" Trogir', 385),
(1018, 'Osnovna škola Majstora Radovana Trogir', 385),
(1019, 'Srednja škola Ivana Lucića Trogir', 385),
(1020, 'Srednja strukovna škola "Blaž Jurjev Trogiranin"', 385),
(1021, 'Osnovna škola "Tučepi"', 386),
(1022, 'Osnovna škola Vis', 387),
(1023, 'Srednja škola "Antun Matijašević Karamaneo" Vis', 387),
(1024, 'Osnovna škola Vrgorac', 388),
(1025, 'Srednja škola Tina Ujevića', 388),
(1026, 'Osnovna škola Milana Begovića Vrlika', 389),
(1027, 'Osnovna škola Zagvozd', 390),
(1028, 'Osnovna škola Zmijavci', 391),
(1029, 'Osnovna škola "Žrnovnica"', 392),
(1030, 'Osnovna škola "Čista Velika"', 393),
(1031, 'Osnovna glazbena škola "Krsto Odak" Drniš', 394),
(1032, 'Osnovna škola Antuna Mihanovića - Petropoljskog Drniš', 394),
(1033, 'Srednja škola Ivana Meštrovića Drniš', 394),
(1034, 'Osnovna škola Kistanje', 395),
(1035, 'Osnovna škola Domovinske zahvalnosti', 396),
(1036, 'Osnovna škola dr. Franje Tuđmana Knin', 396),
(1037, 'Srednja škola Lovre Montija', 396),
(1038, 'Srednja strukovna škola Kralja Zvonimira Knin', 396),
(1039, 'Osnovna škola Murterski Škoji', 397),
(1040, 'Osnovna škola Pirovac', 398),
(1041, 'Osnovna škola Primošten', 399),
(1042, 'Osnovna škola "Rogoznica"', 400),
(1043, 'Ekonomska škola Šibenik', 401),
(1044, 'Gimnazija Antuna Vrančića Šibenik', 401),
(1045, 'Glazbena škola Ivana Lukačića', 401),
(1046, 'Industrijsko-obrtnička škola Šibenik', 401),
(1047, 'Katolička osnovna škola Šibenik', 401),
(1048, 'Medicinska škola Šibenik', 401),
(1049, 'Osnovna škola Fausta Vrančića Šibenik', 401),
(1050, 'Osnovna škola Jurja Dalmatinca Šibenik', 401),
(1051, 'Osnovna škola Jurja Šižgorića Šibenik', 401),
(1052, 'Osnovna škola Meterize', 401),
(1053, 'Osnovna škola Petra Krešimira IV. Šibenik', 401),
(1054, 'Osnovna škola Tina Ujevića Šibenik', 401),
(1055, 'Osnovna škola Vidici Šibenik', 401),
(1056, 'Osnovna škola Vrpolje', 401),
(1057, 'Prometno-tehnička škola Šibenik', 401),
(1058, 'Šibenska privatna gimnazija s pravom javnosti', 401),
(1059, 'Srednja strukovna škola Šibenik', 401),
(1060, 'Tehnička škola Šibenik', 401),
(1061, 'Turističko-ugostiteljska škola Šibenik', 401),
(1062, 'Osnovna škola Brodarica', 402),
(1063, 'Osnovna škola Skradin', 403);
INSERT INTO `skola` (`sifra`, `naziv`, `grad`) VALUES
(1064, 'Osnovna škola Vjekoslava Kaleba', 404),
(1065, 'Osnovna škola Jakova Gotovca Unešić', 405),
(1066, 'Osnovna škola Vodice', 406),
(1067, 'Osnovna škola Franje Serta Bednja', 407),
(1068, 'Osnovna škola Bisag', 408),
(1069, 'Osnovna škola Breznički Hum', 409),
(1070, 'Osnovna škola Cestica', 410),
(1071, 'Osnovna škola Izidora Poljaka Višnjica', 411),
(1072, 'Osnovna škola Andrije Kačića Miošića Donja Voća', 412),
(1073, 'Osnovna škola Martijanec', 413),
(1074, 'Centar za odgoj i obrazovanje pri Odgojnom domu Ivanec', 414),
(1075, 'Osnovna škola Ivana Kukuljevića Sakcinskog Ivanec', 414),
(1076, 'Srednja škola Ivanec', 414),
(1077, 'Osnovna škola "Petar Zrinski" Jalžabet', 415),
(1078, 'Osnovna škola grofa Janka Draškovića Klenovnik', 416),
(1079, 'Osnovna škola Ante Starčevića Lepoglava', 417),
(1080, 'Osnovna škola Ivana Rangera Kamenica', 417),
(1081, 'Osnovna škola Ljubešćica', 418),
(1082, 'Osnovna škola Ludbreg', 419),
(1083, 'Srednja škola Ludbreg', 419),
(1084, 'Osnovna škola Veliki Bukovec', 420),
(1085, 'Osnovna škola "Gustav Krklec" Maruševec', 421),
(1086, 'Srednja škola u Maruševcu s pravom javnosti', 421),
(1087, 'Osnovna škola "Podrute"', 422),
(1088, 'Osnovna škola Novi Marof', 422),
(1089, 'Srednja škola Novi Marof', 422),
(1090, 'Osnovna škola Petrijanec', 423),
(1091, 'Osnovna škola Metel Ožegović Radovan', 424),
(1092, 'Osnovna škola Tužno', 424),
(1093, 'Osnovna škola Sračinec', 425),
(1094, 'Osnovna škola "Vladimir Nazor" Sveti Ilija', 426),
(1095, 'Osnovna škola Beletinec', 426),
(1096, 'Osnovna škola Sveti Đurđ', 427),
(1097, 'Osnovna škola Šemovec', 428),
(1098, 'Osnovna škola Trnovec', 428),
(1099, 'Osnovna škola Kneginec Gornji', 429),
(1100, 'Centar za odgoj i obrazovanje "Tomislav Špoljar" Varaždin', 430),
(1101, 'Druga gimnazija Varaždin', 430),
(1102, 'Elektrostrojarska škola Varaždin', 430),
(1103, 'Glazbena škola u Varaždinu', 430),
(1104, 'Gospodarska škola Varaždin', 430),
(1105, 'Graditeljska, prirodoslovna i rudarska škola Varaždin', 430),
(1106, 'I. OSNOVNA ŠKOLA VARAŽDIN', 430),
(1107, 'II. Osnovna škola Varaždin', 430),
(1108, 'III. OSNOVNA ŠKOLA VARAŽDIN', 430),
(1109, 'IV. Osnovna škola Varaždin', 430),
(1110, 'Medicinska škola Varaždin', 430),
(1111, 'Privatna ekonomsko-poslovna škola s pravom javnosti', 430),
(1112, 'Privatna srednja škola Varaždin s pravom javnosti', 430),
(1113, 'Privatna varaždinska gimnazija s pravom javnosti', 430),
(1114, 'Prva gimnazija Varaždin', 430),
(1115, 'Prva privatna gimnazija s pravom javnosti Varaždin', 430),
(1116, 'Srednja strukovna škola Varaždin', 430),
(1117, 'Strojarska i prometna škola Varaždin', 430),
(1118, 'V. osnovna škola Varaždin', 430),
(1119, 'VI. osnovna škola Varaždin', 430),
(1120, 'VII. osnovna škola Varaždin', 430),
(1121, 'Osnovna škola Antuna i Ivana Kukuljevića Varaždinske Toplice', 431),
(1122, 'Osnovna škola Svibovec', 431),
(1123, 'Osnovna škola Vidovec', 432),
(1124, 'Osnovna škola Vinica', 433),
(1125, 'Srednja škola "Arboretum Opeka"', 433),
(1126, 'Osnovna škola Visoko', 434),
(1127, 'Osnovna škola Antuna Gustava Matoša Čačinci', 435),
(1128, 'Osnovna škola "Davorin Trstenjak" Čađavica', 436),
(1129, 'Osnovna škola Ivana Gorana Kovačića Gornje Bazje', 437),
(1130, 'Osnovna škola Gradina', 438),
(1131, 'Osnovna škola Mikleuš', 439),
(1132, 'Osnovna škola Vladimira Nazora Nova Bukovica', 440),
(1133, 'Osnovna škola Ivane Brlić-Mažuranić Orahovica', 441),
(1134, 'Srednja škola "Stjepan Ivšić" Orahovica', 441),
(1135, 'Osnovna škola Petra Preradovića', 442),
(1136, 'Srednja škola Stjepana Sulimanca', 442),
(1137, 'Industrijsko-obrtnička škola Slatina', 443),
(1138, 'Osnovna glazbena škola Slatina', 443),
(1139, 'Osnovna škola Eugena Kumičića', 443),
(1140, 'Osnovna škola Josipa Kozarca Slatina', 443),
(1141, 'Srednja škola Marka Marulića Slatina', 443),
(1142, 'Osnovna škola August Cesarec Špišić Bukovica', 444),
(1143, 'Osnovna škola Suhopolje', 445),
(1144, 'Centar za odgoj, obrazovanje i rehabilitaciju Virovitica', 446),
(1145, 'Gimnazija Petra Preradovića', 446),
(1146, 'Glazbena škola Jan Vlašimsky Virovitica', 446),
(1147, 'Industrijsko-obrtnička škola Virovitica', 446),
(1148, 'Katolička klasična gimnazija s pravom javnosti u Virovitici', 446),
(1149, 'Osnovna škola Ivane Brlić-Mažuranić Virovitica', 446),
(1150, 'Osnovna škola Vladimir Nazor Virovitica', 446),
(1151, 'Strukovna škola Virovitica', 446),
(1152, 'Tehnička škola Virovitica', 446),
(1153, 'Osnovna škola Voćin', 447),
(1154, 'Osnovna škola Ivan Goran Kovačić Zdenci', 448),
(1155, 'Osnovna škola "Mijat Stojanović" Babina Greda', 449),
(1156, 'Osnovna škola Bobota', 450),
(1157, 'Osnovna škola "Borovo"', 451),
(1158, 'Osnovna škola fra Bernardina Tome Leakovića Bošnjaci', 452),
(1159, 'Osnovna škola Čakovci', 454),
(1160, 'Osnovna škola Matija Antun Reljković Cerna', 455),
(1161, 'Osnovna škola "Ivan Meštrović" Drenovci', 456),
(1162, 'Osnovna škola Gradište', 457),
(1163, 'Osnovna škola "Antun i Stjepan Radić" Gunja', 458),
(1164, 'Osnovna škola Ilača - Banovci', 459),
(1165, 'Osnovna škola Julija Benešića Ilok', 460),
(1166, 'Srednja škola Ilok', 460),
(1167, 'Osnovna škola "August Cesarec" Ivankovo', 461),
(1168, 'Osnovna škola "Matija Gubec" Jarmina', 462),
(1169, 'Osnovna škola "Vladimir Nazor" Komletinci', 463),
(1170, 'Osnovna škola Lipovac', 464),
(1171, 'Osnovna škola Lovas', 465),
(1172, 'Osnovna škola Markušica', 466),
(1173, 'Osnovna škola Negoslavci', 467),
(1174, 'Osnovna škola "Ivan Kozarac" Nijemci', 468),
(1175, 'Osnovna škola Zrinskih Nuštar', 469),
(1176, 'Osnovna škola Josipa Lovretića', 470),
(1177, 'Osnovna škola "Davorin Trstenjak" Podgajci Posavski', 471),
(1178, 'Osnovna škola Stjepana Antolovića Privlaka', 472),
(1179, 'Osnovna škola "Ivan Filipović" Račinovci', 473),
(1180, 'Osnovna škola Ane Katarine Zrinski Retkovci', 474),
(1181, 'Osnovna škola "Ivana Brlić Mažuranić" Rokovci-Andrijaševci', 475),
(1182, 'Osnovna škola "dr. Franjo Tuđman" Šarengrad', 476),
(1183, 'Osnovna škola Slakovci', 477),
(1184, 'Osnovna škola "Josip Kozarac" Soljani', 478),
(1185, 'Osnovna škola Stari Jankovci', 479),
(1186, 'Osnovna škola Stjepana Cvrkovića Stari Mikanovci', 480),
(1187, 'Osnovna škola "Ivan Goran Kovačić" Štitar', 481),
(1188, 'Osnovna škola Tordinci', 482),
(1189, 'Osnovna škola Antun Gustav Matoš Tovarnik', 483),
(1190, 'Osnovna škola Trpinja', 484),
(1191, 'Drvodjelska tehnička škola Vinkovci', 485),
(1192, 'Ekonomska i trgovačka škola Ivana Domca Vinkovci', 485),
(1193, 'Gimnazija Matije Antuna Reljkovića Vinkovci', 485),
(1194, 'Glazbena škola Josipa Runjanina Vinkovci', 485),
(1195, 'Osnovna škola "Antun Gustav Matoš" Vinkovci', 485),
(1196, 'Osnovna škola Bartola Kašića Vinkovci', 485),
(1197, 'Osnovna škola Ivana Gorana Kovačića Vinkovci', 485),
(1198, 'Osnovna škola Ivana Mažuranića Vinkovci', 485),
(1199, 'Osnovna škola Josipa Kozarca Vinkovci', 485),
(1200, 'Osnovna škola Vladimira Nazora Vinkovci', 485),
(1201, 'Poljoprivredno šumarska škola Vinkovci', 485),
(1202, 'Srednja strukovna škola Vinkovci', 485),
(1203, 'Tehnička škola Ruđera Boškovića Vinkovci', 485),
(1204, 'Zdravstvena i veterinarska škola Dr. Andrije Štampara Vinkovci', 485),
(1205, 'Osnovna škola Vođinci', 486),
(1206, 'Osnovna škola Mare Švel-Gamiršek Vrbanja', 487),
(1207, 'Ekonomska škola Vukovar', 488),
(1208, 'Gimnazija Vukovar', 488),
(1209, 'Osnovna škola Antuna Bauera Vukovar', 488),
(1210, 'Osnovna škola Blage Zadre', 488),
(1211, 'Osnovna škola Dragutina Tadijanovića', 488),
(1212, 'Osnovna škola Josipa Matoša Vukovar', 488),
(1213, 'Osnovna škola Mitnica', 488),
(1214, 'Osnovna škola Nikole Andrića', 488),
(1215, 'Osnovna škola Siniše Glavaševića', 488),
(1216, 'Strukovna škola Vukovar', 488),
(1217, 'Tehnička škola Nikole Tesle Vukovar', 488),
(1218, 'Gimnazija Županja', 489),
(1219, 'Obrtničko-industrijska škola Županja', 489),
(1220, 'Osnovna škola Ivana Kozarca Županja', 489),
(1221, 'Osnovna škola Mate Lovraka Županja', 489),
(1222, 'Tehnička škola Županja', 489),
(1223, 'Osnovna škola "Ivan Goran Kovačić" Lišane Ostrovičke', 490),
(1224, 'Osnovna škola Benkovac', 490),
(1225, 'Srednja škola kneza Branimira Benkovac', 490),
(1226, 'Osnovna škola Stjepana Radića Bibinje', 491),
(1227, 'Osnovna škola Biograd', 492),
(1228, 'Srednja škola Biograd na Moru', 492),
(1229, 'Osnovna škola Nikole Tesle Gračac', 493),
(1230, 'Srednja škola Gračac', 493),
(1231, 'Osnovna škola Petra Zoranića Jasenice', 494),
(1232, 'Osnovna škola "Vladimir Nazor" Neviđane', 495),
(1233, 'Osnovna škola "Petar Zoranić" Nin', 496),
(1234, 'Osnovna škola Novigrad', 497),
(1235, 'Osnovna škola Obrovac', 498),
(1236, 'Srednja škola Obrovac', 498),
(1237, 'Osnovna škola Jurja Dalmatinca Pag', 499),
(1238, 'Srednja škola Bartula Kašića Pag', 499),
(1239, 'Osnovna škola Pakoštane', 500),
(1240, 'Osnovna škola Franka Lisice Polača', 501),
(1241, 'Osnovna škola Poličnik', 502),
(1242, 'Osnovna škola Braća Ribar Posedarje', 503),
(1243, 'Osnovna škola "Valentin Klarin" Preko', 504),
(1244, 'Osnovna škola "Braće Radić" Pridraga', 505),
(1245, 'Osnovna škola Privlaka', 506),
(1246, 'Osnovna škola Jurja Barakovića Ražanac', 507),
(1247, 'Osnovna škola "Petar Lorini" Sali', 508),
(1248, 'Osnovna škola Vladimira Nazora Škabrnje', 509),
(1249, 'Osnovna škola "Petar Zoranić" Stankovci', 510),
(1250, 'Osnovna škola Starigrad', 511),
(1251, 'Osnovna škola Sukošan', 512),
(1252, 'Osnovna škola Sveti Filip i Jakov', 513),
(1253, 'Ekonomsko-birotehnička i trgovačka škola Zadar', 514),
(1254, 'Gimnazija Franje Petrića Zadar', 514),
(1255, 'Gimnazija Jurja Barakovića Zadar', 514),
(1256, 'Gimnazija Vladimira Nazora Zadar', 514),
(1257, 'Glazbena škola Blagoje Bersa Zadar', 514),
(1258, 'Hotelijersko turistička i ugostiteljska škola Zadar', 514),
(1259, 'Klasična gimnazija Ivana Pavla II. s pravom javnosti', 514),
(1260, 'Medicinska škola Ante Kuzmanića Zadar', 514),
(1261, 'Obrtnička škola Gojka Matuline Zadar', 514),
(1262, 'Osnovna glazbena škola sv. Benedikta', 514),
(1263, 'Osnovna škola Bartula Kašića Zadar', 514),
(1264, 'Osnovna škola Krune Krstića Zadar', 514),
(1265, 'Osnovna škola Petra Preradovića Zadar', 514),
(1266, 'Osnovna škola Šime Budinića Zadar', 514),
(1267, 'Osnovna škola Šimuna Kožičića Benje', 514),
(1268, 'Osnovna škola Smiljevac', 514),
(1269, 'Osnovna škola Stanovi Zadar', 514),
(1270, 'Osnovna škola Voštarnica Zadar', 514),
(1271, 'Osnovna škola Zadarski otoci Zadar', 514),
(1272, 'Poljoprivredna, prehrambena i veterinarska škola Stanka Ožanića Zadar', 514),
(1273, 'Pomorska škola Zadar', 514),
(1274, 'Prirodoslovno-grafička škola Zadar', 514),
(1275, 'Privatna osnovna škola "Nova" Zadar', 514),
(1276, 'Škola primijenjene umjetnosti i dizajna Zadar', 514),
(1277, 'Strukovna škola Vice Vlatkovića Zadar', 514),
(1278, 'Tehnička škola Zadar', 514),
(1279, 'Zadarska privatna gimnazija s pravom javnosti', 514),
(1280, 'Osnovna škola Galovac', 515),
(1281, 'Osnovna škola Zemunik', 515),
(1282, 'Osnovna škola Bedenica', 516),
(1283, 'Centar za odgoj i obrazovanje Lug', 517),
(1284, 'Osnovna škola Milana Langa Bregana', 517),
(1285, 'Osnovna škola Bistra', 518),
(1286, 'Osnovna škola Pušća', 519),
(1287, 'Osnovna škola Ksavera Šandora Đalskog Donja Zelina', 520),
(1288, 'Osnovna škola Dubrava', 521),
(1289, 'Osnovna glazbena škola Dugo Selo', 522),
(1290, 'Osnovna škola "Stjepan Radić" Božjakovina', 522),
(1291, 'Osnovna škola Ivan Benković Dugo Selo', 522),
(1292, 'Osnovna škola Josipa Zorića Dugo Selo', 522),
(1293, 'Osnovna škola Rugvica', 522),
(1294, 'Srednja škola Dugo Selo', 522),
(1295, 'Osnovna škola Josipa Badalića Graberje Ivaničko', 523),
(1296, 'Osnovna škola Gradec', 524),
(1297, 'Osnovna glazbena škola "Milka Trnina" Ivanić Grad', 525),
(1298, 'Osnovna škola Stjepana Basaričeka Ivanić Grad', 525),
(1299, 'Osnovna škola Đure Deželića Ivanić Grad', 525),
(1300, 'Srednja škola "Ivan Švear" Ivanić Grad', 525),
(1301, 'Osnovna škola Jakovlje', 526),
(1302, 'Glazbena škola Jastrebarsko', 527),
(1303, 'Osnovna škola "Klinča Sela"', 527),
(1304, 'Osnovna škola "Ljubo Babić" Jastrebarsko', 527),
(1305, 'Srednja škola Jastrebarsko', 527),
(1306, 'Osnovna škola braće Radića Kloštar Ivanić', 528),
(1307, 'Osnovna škola "Kardinal Alojzije Stepinac" Krašić', 529),
(1308, 'Osnovna škola Slavka Kolara Kravarsko', 530),
(1309, 'Osnovna škola Milke Trnine', 531),
(1310, 'Osnovna škola Kupljenovo', 532),
(1311, 'Osnovna škola Luka', 533),
(1312, 'Osnovna škola Ante Kovačića - Marija Gorica', 534),
(1313, 'Osnovna škola "Vladimir Nazor" Pisarovina', 535),
(1314, 'Osnovna škola Pokupsko', 536),
(1315, 'Osnovna škola Posavski Bregi', 537),
(1316, 'Osnovna škola Ivane Brlić - Mažuranić Prigorje Brdovečko', 538),
(1317, 'Osnovna škola Pavao Belas', 538),
(1318, 'Osnovna škola Stjepana Bencekovića Zagreb', 539),
(1319, 'Ekonomska, trgovačka i ugostiteljska škola Samobor', 540),
(1320, 'Gimnazija Antuna Gustava Matoša Samobor', 540),
(1321, 'Glazbena škola Ferdo Livadić ', 540),
(1322, 'Osnovna škola Bogumila Tonija Samobor', 540),
(1323, 'Osnovna škola Rude', 540),
(1324, 'Osnovna škola Samobor', 540),
(1325, 'Srednja strukovna škola Samobor', 540),
(1326, 'Osnovna škola Ivana Perkovca', 541),
(1327, 'Osnovna škola Sveta Nedelja', 542),
(1328, 'Osnovna škola Dragutina Domjanića Sveti Ivan Zelina', 543),
(1329, 'Srednja škola Dragutina Stražimira', 543),
(1330, 'Osnovna škola Mihaela Šiloboda', 544),
(1331, 'Centar za odgoj i obrazovanje Velika Gorica', 545),
(1332, 'Ekonomska škola Velika Gorica', 545),
(1333, 'Gimnazija Velika Gorica', 545),
(1334, 'Osnovna škola Eugena Kumičića Velika Gorica', 545),
(1335, 'Osnovna škola Eugena Kvaternika Velika Gorica', 545),
(1336, 'Osnovna škola Jurja Habdelića Velika Gorica', 545),
(1337, 'Osnovna škola Nikole Hribara Velika Gorica', 545),
(1338, 'Osnovna škola Šćitarjevo', 545),
(1339, 'Srednja strukovna škola Velika Gorica', 545),
(1340, 'Umjetnička škola Franje Lučića', 545),
(1341, 'Zrakoplovna tehnička škola Rudolfa Perešina Velika Gorica', 545),
(1342, 'Osnovna škola Velika Mlaka', 546),
(1343, 'I. osnovna škola Vrbovec', 547),
(1344, 'II. osnovna škola Vrbovec', 547),
(1345, 'Srednja škola Vrbovec', 547),
(1346, 'Osnovna škola Vukovina', 548),
(1347, 'Osnovna škola Antuna Augustinčića Zaprešić', 549),
(1348, 'Osnovna škola Ljudevita Gaja Zaprešić', 549),
(1349, 'Srednja škola Ban Josip Jelačić', 549);

insert into status (status) values ("Ravnatelj"), ("Profesor"), ("Učenik"), ("Roditelj");
insert into razred (razred) values (1), (2), (3), (4), (5), (6), (7), (8);
insert into odjeljenje (odjeljenje) values ("a"), ("b"), ("c"), ("d"), ("e"), ("f");
insert into korisnik (ime, prezime, email, lozinka, status, skola) values
  ("Tena", "Vilček", "tvilcek@gmail.com", md5("123"), 1, 1140),
  ("Manuela", "Mikulecki", "mmikulecki@gmail.com", md5("123"), 2, 1140),
  ("Andrea", "Mihaljević", "mmihaljevic@gmail.com", md5("123"), 2, 1140),
  ("Ana", "Leh", "aleh@gmail.com", md5("123"), 3, 1140),
  ("Dajana", "Stojanović", "dstojanovic@gmail.com", md5("123"), 3, 1140),
  ("Antun", "Matanović", "amatanovic@gmail.com", md5("123"), 4, 1140);

insert into skolarazred (skola, razred, odjeljenje) values 
  (1140, 1, 1),
  (1140, 1, 2),
  (1140, 3, 1);

insert into profesorrazred (skolarazred, profesor) values 
  (1, 2),
  (2, 3);

insert into cijena (iznos, skola) values 
  (150.00, 1140);

insert into ucenikroditelj (ucenik, roditelj) values
  (4, 6),
  (5, null);

insert into korisnikprofesorrazred (ucenikroditelj, profesorrazred) values 
  (1, 1),
  (2, 1);